#idx, time, rx_pkts, tpr, n_core
0000000001, 181045, 0000000000, 100, 001
0000000002, 181046, 0000000000, 100, 001
0000000003, 181047, 0000000000, 100, 001
0000000004, 181049, 0000000000, 100, 001
0000000005, 181050, 0000000000, 100, 001
0000000006, 181051, 0000000000, 100, 001
0000000007, 181052, 0000000000, 100, 001
0000000008, 181053, 0000000000, 100, 001
0000000009, 181054, 0000000000, 100, 001
0000000010, 181055, 0000000000, 100, 001
0000000011, 181056, 0000000000, 100, 001
0000000012, 181057, 0000000000, 100, 001
0000000013, 181058, 0000000000, 100, 001
0000000014, 181100, 0000000000, 100, 001
0000000015, 181101, 0000000000, 100, 001
0000000016, 181102, 0000000000, 100, 001
0000000017, 181103, 0000000000, 100, 001
0000000018, 181104, 0000000000, 100, 001
0000000019, 181105, 0000000000, 100, 001
0000000020, 181106, 0000000000, 100, 001
0000000021, 181107, 0000000000, 100, 001
0000000022, 181108, 0000000000, 100, 001
0000000023, 181109, 0000000000, 100, 001
0000000024, 181110, 0000000000, 100, 001
0000000025, 181111, 0000000000, 100, 001
0000000026, 181112, 0000000000, 100, 001
0000000027, 181113, 0000000000, 100, 001
0000000028, 181114, 0000000000, 100, 001
0000000029, 181115, 0000000000, 100, 001
0000000030, 181116, 0001211020, 100, 001
0000000031, 181117, 0002982130, 099, 001
0000000032, 181118, 0002981500, 100, 001
0000000033, 181119, 0002949250, 100, 001
0000000034, 181120, 0002992900, 100, 001
0000000035, 181121, 0002957520, 100, 001
0000000036, 181122, 0002993200, 100, 001
0000000037, 181123, 0002957370, 099, 001
0000000038, 181124, 0003123840, 100, 001
0000000039, 181125, 0003252600, 099, 001
0000000040, 181126, 0003423050, 100, 001
0000000041, 181127, 0003548100, 100, 001
0000000042, 181128, 0003720320, 100, 001
0000000043, 181129, 0003842110, 100, 001
0000000044, 181130, 0004018240, 100, 001
0000000045, 181131, 0004139140, 100, 001
0000000046, 181132, 0004448080, 100, 001
0000000047, 181133, 0004762670, 100, 001
0000000048, 181134, 0004863420, 100, 001
0000000049, 181135, 0005083520, 099, 001
0000000050, 181136, 0005303170, 100, 001
0000000051, 181137, 0005617560, 100, 001
0000000052, 181138, 0005811350, 100, 001
0000000053, 181139, 0005910670, 100, 001
0000000054, 181140, 0006233660, 099, 001
0000000055, 181141, 0006498670, 099, 001
0000000056, 181142, 0006752360, 095, 001
0000000057, 181143, 0007174060, 091, 001
0000000058, 181144, 0007342210, 087, 002
0000000059, 181145, 0007767610, 090, 004
0000000060, 181146, 0007914690, 088, 002
0000000061, 181147, 0008358400, 100, 004
0000000062, 181148, 0008601380, 094, 002
0000000063, 181149, 0008941680, 099, 002
0000000064, 181150, 0009094240, 099, 002
0000000065, 181151, 0009542930, 099, 002
0000000066, 181152, 0009787700, 099, 002
0000000067, 181153, 0010009200, 099, 002
0000000068, 181154, 0010394900, 099, 002
0000000069, 181155, 0010593700, 099, 002
0000000070, 181156, 0010991300, 099, 002
0000000071, 181157, 0011186600, 099, 002
0000000072, 181158, 0011555800, 099, 002
0000000073, 181200, 0011903300, 099, 002
0000000074, 181201, 0012033900, 099, 002
0000000075, 181202, 0012088000, 099, 002
0000000076, 181203, 0012435100, 098, 002
0000000077, 181204, 0012636300, 096, 002
0000000078, 181205, 0012913000, 095, 002
0000000079, 181206, 0013090100, 098, 002
0000000080, 181207, 0013181200, 096, 002
0000000081, 181208, 0013766100, 093, 002
0000000082, 181209, 0013639700, 092, 002
0000000083, 181210, 0013974000, 092, 002
0000000084, 181211, 0014112300, 090, 002
0000000085, 181212, 0014125200, 090, 002
0000000086, 181213, 0014303300, 089, 004
0000000087, 181214, 0014290000, 091, 004
0000000088, 181215, 0014404400, 097, 004
0000000089, 181216, 0014415200, 100, 004
0000000090, 181217, 0014598300, 100, 004
0000000091, 181218, 0014579600, 098, 004
0000000092, 181219, 0014432600, 097, 004
0000000093, 181220, 0014576200, 097, 004
0000000094, 181221, 0014596600, 097, 004
0000000095, 181222, 0014561100, 100, 004
0000000096, 181223, 0014433800, 097, 004
0000000097, 181224, 0014561700, 097, 004
0000000098, 181225, 0014596800, 097, 004
0000000099, 181226, 0014413500, 100, 004
0000000100, 181227, 0014489100, 100, 004
0000000101, 181228, 0014266900, 097, 004
0000000102, 181229, 0013806500, 100, 004
0000000103, 181230, 0013884200, 097, 004
0000000104, 181231, 0013660200, 100, 004
0000000105, 181232, 0013574600, 100, 004
0000000106, 181233, 0013224100, 097, 004
0000000107, 181234, 0013302000, 097, 004
0000000108, 181235, 0013074600, 097, 004
0000000109, 181236, 0012999200, 097, 004
0000000110, 181237, 0012637000, 097, 004
0000000111, 181238, 0012586000, 097, 004
0000000112, 181239, 0012176900, 097, 004
0000000113, 181240, 0012001800, 097, 004
0000000114, 181241, 0011467400, 097, 004
0000000115, 181242, 0011512700, 097, 004
0000000116, 181243, 0011304000, 097, 004
0000000117, 181244, 0011005100, 097, 004
0000000118, 181245, 0010699500, 097, 004
0000000119, 181246, 0010529100, 097, 004
0000000120, 181247, 0010124800, 097, 002
0000000121, 181248, 0009828130, 096, 002
0000000122, 181249, 0009539260, 099, 002
0000000123, 181250, 0009308380, 099, 002
0000000124, 181251, 0008943680, 099, 002
0000000125, 181252, 0008755140, 099, 002
0000000126, 181253, 0008296040, 099, 002
0000000127, 181254, 0008072990, 099, 002
0000000128, 181255, 0007745170, 099, 002
0000000129, 181256, 0007579290, 099, 002
0000000130, 181257, 0007075440, 099, 002
0000000131, 181258, 0006971230, 099, 002
0000000132, 181259, 0006560370, 099, 002
0000000133, 181300, 0006307410, 100, 002
0000000134, 181301, 0005964460, 099, 002
0000000135, 181302, 0005782920, 100, 002
0000000136, 181303, 0005367820, 099, 002
0000000137, 181304, 0005223220, 099, 002
0000000138, 181305, 0005066240, 099, 001
0000000139, 181306, 0004886960, 098, 001
0000000140, 181307, 0004434840, 099, 001
0000000141, 181308, 0004396460, 099, 001
0000000142, 181309, 0004139140, 099, 001
0000000143, 181310, 0004097790, 099, 001
0000000144, 181311, 0003842300, 099, 001
0000000145, 181312, 0003797820, 099, 001
0000000146, 181313, 0003548450, 099, 001
0000000147, 181314, 0003501120, 099, 001
0000000148, 181315, 0003252640, 100, 001
0000000149, 181317, 0003202750, 099, 001
0000000150, 181318, 0002957320, 100, 001
0000000151, 181319, 0002978690, 100, 001
0000000152, 181320, 0002957120, 100, 001
0000000153, 181321, 0002992900, 099, 001
0000000154, 181322, 0002976320, 100, 001
0000000155, 181323, 0002960030, 099, 001
0000000156, 181324, 0002990430, 100, 001
0000000157, 181325, 0002960370, 099, 001
0000000158, 181326, 0002989840, 100, 001
0000000159, 181327, 0002959870, 099, 001
0000000160, 181328, 0002990720, 099, 001
0000000161, 181329, 0002960000, 100, 001
0000000162, 181330, 0002990660, 100, 001
0000000163, 181331, 0003042560, 100, 001
0000000164, 181332, 0003289600, 100, 001
0000000165, 181333, 0003337830, 100, 001
0000000166, 181334, 0003588570, 100, 001
0000000167, 181335, 0003632520, 100, 001
0000000168, 181336, 0003884990, 099, 001
0000000169, 181337, 0003927300, 100, 001
0000000170, 181338, 0004186220, 099, 001
0000000171, 181339, 0004304510, 100, 001
0000000172, 181340, 0004816660, 100, 001
0000000173, 181341, 0005083460, 100, 001
0000000174, 181342, 0005189570, 100, 001
0000000175, 181343, 0005680490, 099, 001
0000000176, 181344, 0005780010, 100, 001
0000000177, 181345, 0006210290, 100, 001
0000000178, 181346, 0006435310, 099, 001
0000000179, 181347, 0006799950, 096, 001
0000000180, 181348, 0006959470, 094, 001
0000000181, 181349, 0007094400, 091, 001
0000000182, 181350, 0007332270, 089, 001
0000000183, 181351, 0007683430, 089, 004
0000000184, 181352, 0007920220, 094, 004
0000000185, 181353, 0008348120, 096, 002
0000000186, 181354, 0008411500, 099, 002
0000000187, 181355, 0008945890, 099, 002
0000000188, 181356, 0009103930, 100, 002
0000000189, 181357, 0009458180, 100, 002
0000000190, 181358, 0009623120, 099, 002
0000000191, 181359, 0010124400, 099, 002
0000000192, 181400, 0010277900, 099, 002
0000000193, 181401, 0010690800, 099, 002
0000000194, 181402, 0010745200, 099, 002
0000000195, 181403, 0011311300, 099, 002
0000000196, 181404, 0011469600, 099, 002
0000000197, 181405, 0011767300, 099, 002
0000000198, 181406, 0012063600, 099, 002
0000000199, 181407, 0012507000, 098, 002
0000000200, 181408, 0012442600, 097, 002
0000000201, 181409, 0012780300, 099, 002
0000000202, 181410, 0012864000, 099, 002
0000000203, 181411, 0012935000, 098, 002
0000000204, 181412, 0013224100, 097, 002
0000000205, 181413, 0013678700, 093, 002
0000000206, 181414, 0013746600, 093, 002
0000000207, 181415, 0013805200, 100, 002
0000000208, 181416, 0014065900, 084, 002
0000000209, 181417, 0014333400, 084, 004
0000000210, 181418, 0014151900, 096, 004
0000000211, 181419, 0014291900, 096, 004
0000000212, 181420, 0014369200, 098, 004
0000000213, 181421, 0014407400, 098, 004
0000000214, 181422, 0014602900, 098, 004
0000000215, 181423, 0014561500, 100, 004
0000000216, 181424, 0014437500, 098, 004
0000000217, 181425, 0014559800, 098, 004
0000000218, 181426, 0014579100, 098, 004
0000000219, 181427, 0014565500, 098, 004
0000000220, 181428, 0014585100, 098, 004
0000000221, 181429, 0014404800, 098, 004
0000000222, 181430, 0014597400, 098, 004
0000000223, 181431, 0014577000, 098, 004
0000000224, 181432, 0014372300, 098, 004
0000000225, 181433, 0014268700, 098, 004
0000000226, 181434, 0014229200, 098, 004
0000000227, 181435, 0013860900, 098, 004
0000000228, 181436, 0013918700, 098, 004
0000000229, 181437, 0013658300, 098, 004
0000000230, 181438, 0013620500, 098, 004
0000000231, 181439, 0013246900, 098, 004
0000000232, 181440, 0013335100, 100, 004
0000000233, 181441, 0013079000, 097, 004
0000000234, 181442, 0012991400, 097, 004
0000000235, 181443, 0012486200, 097, 004
0000000236, 181444, 0012307000, 100, 004
0000000237, 181445, 0012177700, 097, 004
0000000238, 181446, 0012088500, 100, 004
0000000239, 181447, 0011594900, 097, 004
0000000240, 181448, 0011366700, 097, 004
0000000241, 181449, 0011009700, 097, 004
0000000242, 181450, 0010915000, 097, 004
0000000243, 181451, 0010408300, 100, 004
0000000244, 181452, 0010197800, 097, 002
0000000245, 181453, 0009826530, 096, 002
0000000246, 181454, 0009725800, 099, 002
0000000247, 181455, 0009157410, 099, 002
0000000248, 181456, 0009152690, 100, 002
0000000249, 181457, 0008642020, 099, 002
0000000250, 181458, 0008456240, 099, 002
0000000251, 181459, 0008065130, 099, 002
0000000252, 181500, 0007950040, 099, 002
0000000253, 181501, 0007362050, 099, 002
0000000254, 181502, 0007405510, 099, 002
0000000255, 181503, 0007153310, 099, 002
0000000256, 181504, 0006986260, 099, 002
0000000257, 181505, 0006558910, 099, 002
0000000258, 181506, 0006472660, 099, 002
0000000259, 181507, 0005898430, 099, 002
0000000260, 181508, 0005877190, 099, 002
0000000261, 181509, 0005386950, 099, 002
0000000262, 181510, 0005268830, 099, 002
0000000263, 181511, 0005080800, 099, 001
0000000264, 181512, 0004971300, 098, 001
0000000265, 181513, 0004434820, 099, 001
0000000266, 181514, 0004438780, 100, 001
0000000267, 181516, 0004139750, 099, 001
0000000268, 181517, 0004145440, 099, 001
0000000269, 181518, 0003842560, 100, 001
0000000270, 181519, 0003845060, 099, 001
0000000271, 181520, 0003548540, 100, 001
0000000272, 181521, 0003548480, 099, 001
0000000273, 181522, 0003253630, 100, 001
0000000274, 181523, 0003216510, 099, 001
0000000275, 181524, 0002990530, 100, 001
0000000276, 181525, 0002959940, 100, 001
0000000277, 181526, 0002990520, 099, 001
0000000278, 181527, 0002959920, 100, 001
0000000279, 181528, 0002990670, 099, 001
0000000280, 181529, 0002960130, 100, 001
0000000281, 181530, 0002990710, 099, 001
0000000282, 181531, 0002960260, 100, 001
0000000283, 181532, 0002990340, 100, 001
0000000284, 181533, 0002960260, 100, 001
0000000285, 181534, 0002990590, 099, 001
0000000286, 181535, 0002996420, 100, 001
0000000287, 181536, 0003289660, 100, 001
0000000288, 181537, 0003256450, 100, 001
0000000289, 181538, 0003289790, 100, 001
0000000290, 181539, 0003291520, 100, 001
0000000291, 181540, 0003588990, 099, 001
0000000292, 181541, 0003586140, 100, 001
0000000293, 181542, 0003914000, 100, 001
0000000294, 181543, 0004483520, 100, 001
0000000295, 181544, 0004472770, 100, 001
0000000296, 181545, 0004784060, 099, 001
0000000297, 181546, 0004800930, 100, 001
0000000298, 181547, 0005380890, 100, 001
0000000299, 181548, 0005358780, 100, 001
0000000300, 181549, 0005616570, 100, 001
0000000301, 181550, 0005748370, 100, 001
0000000302, 181551, 0006211090, 099, 001
0000000303, 181552, 0006310770, 098, 001
0000000304, 181553, 0006877930, 093, 001
0000000305, 181554, 0006864600, 091, 001
0000000306, 181555, 0007433840, 081, 001
0000000307, 181556, 0007540710, 081, 002
0000000308, 181557, 0007978130, 099, 004
0000000309, 181558, 0008115620, 081, 004
0000000310, 181559, 0008551620, 095, 002
0000000311, 181600, 0008729260, 099, 002
0000000312, 181601, 0009138230, 099, 002
0000000313, 181602, 0009300250, 099, 002
0000000314, 181603, 0009832250, 099, 002
0000000315, 181605, 0009897780, 099, 002
0000000316, 181606, 0010481200, 099, 002
0000000317, 181607, 0011005500, 099, 002
0000000318, 181608, 0010947100, 099, 002
0000000319, 181609, 0011314600, 099, 002
0000000320, 181610, 0011243700, 098, 002
0000000321, 181611, 0011916900, 082, 002
0000000322, 181612, 0011967800, 098, 002
0000000323, 181613, 0012383100, 063, 004
0000000324, 181614, 0012542400, 097, 004
0000000325, 181615, 0012764400, 096, 004
0000000326, 181616, 0012681300, 097, 004
0000000327, 181617, 0013389900, 097, 004
0000000328, 181618, 0013428200, 098, 004
0000000329, 181619, 0013663000, 098, 004
0000000330, 181620, 0013544000, 098, 004
0000000331, 181621, 0013959300, 098, 004
0000000332, 181622, 0014000700, 098, 004
0000000333, 181623, 0014266000, 100, 004
0000000334, 181624, 0014306700, 098, 004
0000000335, 181625, 0014413200, 098, 004
0000000336, 181626, 0014521300, 100, 004
0000000337, 181627, 0014561100, 098, 004
0000000338, 181628, 0014579900, 098, 004
0000000339, 181629, 0014561300, 098, 004
0000000340, 181630, 0014581600, 100, 004
0000000341, 181631, 0014399000, 098, 004
0000000342, 181632, 0014600900, 098, 004
0000000343, 181633, 0014562700, 098, 004
0000000344, 181634, 0014597700, 098, 004
0000000345, 181635, 0014417300, 098, 004
0000000346, 181636, 0014598400, 098, 004
0000000347, 181638, 0014575700, 098, 004
0000000348, 181639, 0014407900, 098, 004
0000000349, 181640, 0014283300, 098, 004
0000000350, 181641, 0014273500, 098, 004
0000000351, 181642, 0013957600, 098, 004
0000000352, 181643, 0013818100, 098, 004
0000000353, 181644, 0013672700, 098, 004
0000000354, 181645, 0013665800, 098, 004
0000000355, 181646, 0013373800, 100, 004
0000000356, 181647, 0013233300, 098, 004
0000000357, 181648, 0013076400, 097, 004
0000000358, 181649, 0013071800, 097, 004
0000000359, 181650, 0012487500, 097, 004
0000000360, 181651, 0012496400, 097, 004
0000000361, 181652, 0011754700, 100, 004
0000000362, 181653, 0011895900, 100, 004
0000000363, 181654, 0011590100, 097, 004
0000000364, 181655, 0011595400, 100, 004
0000000365, 181656, 0010872900, 097, 004
0000000366, 181657, 0011010700, 097, 004
0000000367, 181658, 0010302100, 097, 004
0000000368, 181659, 0009834820, 097, 004
0000000369, 181700, 0009851520, 097, 002
0000000370, 181701, 0009136270, 099, 002
0000000371, 181702, 0009260020, 099, 002
0000000372, 181703, 0008545880, 100, 002
0000000373, 181704, 0008662070, 100, 002
0000000374, 181705, 0008046600, 099, 002
0000000375, 181706, 0007970160, 099, 002
0000000376, 181707, 0007445180, 099, 002
0000000377, 181708, 0007445360, 099, 002
0000000378, 181709, 0006809870, 099, 002
0000000379, 181710, 0006860360, 100, 002
0000000380, 181711, 0006199120, 099, 002
0000000381, 181712, 0006273010, 099, 002
0000000382, 181713, 0005912700, 099, 002
0000000383, 181714, 0005970510, 100, 002
0000000384, 181715, 0005370150, 100, 002
0000000385, 181716, 0005328000, 099, 002
0000000386, 181717, 0004775520, 099, 002
0000000387, 181718, 0004737330, 100, 001
0000000388, 181719, 0004487730, 100, 001
0000000389, 181720, 0004439940, 099, 001
0000000390, 181721, 0004190270, 099, 001
0000000391, 181722, 0004143740, 099, 001
0000000392, 181723, 0003596710, 099, 001
0000000393, 181724, 0003552660, 099, 001
0000000394, 181725, 0003588860, 099, 001
0000000395, 181726, 0003552260, 100, 001
0000000396, 181727, 0003295250, 099, 001
0000000397, 181728, 0003255990, 099, 001
0000000398, 181729, 0002996430, 099, 001
0000000399, 181730, 0002960000, 100, 001
0000000400, 181731, 0002989890, 100, 001
0000000401, 181732, 0002959980, 099, 001
0000000402, 181733, 0002990670, 100, 001
0000000403, 181734, 0002959870, 099, 001
0000000404, 181735, 0002990190, 100, 001
0000000405, 181736, 0002960050, 099, 001
0000000406, 181737, 0002977960, 099, 001
0000000407, 181738, 0002960130, 100, 001
0000000408, 181739, 0002990660, 100, 001
0000000409, 181740, 0002960380, 100, 001
0000000410, 181741, 0003279040, 100, 001
0000000411, 181742, 0003256960, 100, 001
0000000412, 181743, 0003290430, 099, 001
0000000413, 181744, 0003256640, 100, 001
0000000414, 181745, 0003578050, 100, 001
0000000415, 181746, 0003553540, 099, 001
0000000416, 181747, 0004161660, 100, 001
0000000417, 181748, 0004144580, 099, 001
0000000418, 181749, 0004471740, 100, 001
0000000419, 181750, 0004439620, 100, 001
0000000420, 181751, 0004771390, 100, 001
0000000421, 181752, 0004737740, 099, 001
0000000422, 181753, 0005352800, 099, 001
0000000423, 181754, 0005326990, 099, 001
0000000424, 181755, 0005881580, 096, 001
0000000425, 181756, 0005982360, 096, 001
0000000426, 181757, 0006195460, 095, 001
0000000427, 181758, 0006282770, 099, 001
0000000428, 181759, 0006768500, 089, 001
0000000429, 181800, 0006887960, 090, 002
0000000430, 181801, 0007351660, 099, 002
0000000431, 181802, 0007472000, 099, 002
0000000432, 181803, 0007922190, 099, 002
0000000433, 181804, 0008064610, 099, 002
0000000434, 181805, 0008604120, 099, 002
0000000435, 181806, 0008557430, 099, 002
0000000436, 181807, 0009199530, 099, 002
0000000437, 181808, 0009249880, 099, 002
0000000438, 181809, 0009683620, 099, 002
0000000439, 181810, 0009842440, 099, 002
0000000440, 181811, 0010382300, 099, 002
0000000441, 181812, 0010313100, 099, 002
0000000442, 181813, 0010960000, 099, 002
0000000443, 181814, 0011022100, 099, 002
0000000444, 181815, 0011430100, 099, 002
0000000445, 181816, 0011614300, 097, 002
0000000446, 181817, 0011807600, 099, 002
0000000447, 181818, 0011919800, 083, 004
0000000448, 181819, 0012336900, 094, 004
0000000449, 181820, 0012522700, 097, 004
0000000450, 181822, 0013040300, 098, 004
0000000451, 181823, 0013095500, 097, 004
0000000452, 181824, 0013201900, 098, 004
0000000453, 181825, 0013390500, 098, 004
0000000454, 181826, 0013632300, 098, 004
0000000455, 181827, 0013674500, 100, 004
0000000456, 181828, 0013929400, 098, 004
0000000457, 181829, 0013820500, 098, 004
0000000458, 181830, 0014249600, 100, 004
0000000459, 181831, 0014285400, 098, 004
0000000460, 181832, 0014534700, 098, 004
0000000461, 181833, 0014579200, 098, 004
0000000462, 181834, 0014396700, 098, 004
0000000463, 181835, 0014578300, 098, 004
0000000464, 181836, 0014562200, 100, 004
0000000465, 181837, 0014576700, 098, 004
0000000466, 181838, 0014560100, 098, 004
0000000467, 181839, 0014416100, 098, 004
0000000468, 181840, 0014573400, 098, 004
0000000469, 181841, 0014580600, 098, 004
0000000470, 181842, 0014578200, 098, 004
0000000471, 181843, 0014412800, 098, 004
0000000472, 181844, 0014576200, 098, 004
0000000473, 181845, 0014596500, 098, 004
0000000474, 181846, 0014297600, 098, 004
0000000475, 181847, 0014130000, 098, 004
0000000476, 181848, 0013921000, 098, 004
0000000477, 181849, 0013694900, 100, 004
0000000478, 181850, 0013674600, 098, 004
0000000479, 181851, 0013408800, 098, 004
0000000480, 181852, 0013241000, 098, 004
0000000481, 181853, 0012860100, 097, 004
0000000482, 181854, 0012791700, 097, 004
0000000483, 181855, 0012522700, 097, 004
0000000484, 181856, 0012378100, 097, 004
0000000485, 181857, 0011975800, 100, 004
0000000486, 181858, 0011909400, 097, 004
0000000487, 181859, 0011262800, 097, 004
0000000488, 181900, 0011329400, 097, 004
0000000489, 181901, 0011036800, 097, 004
0000000490, 181902, 0011019500, 097, 004
0000000491, 181903, 0010365500, 097, 004
0000000492, 181904, 0010426600, 097, 004
0000000493, 181905, 0009893920, 097, 004
0000000494, 181906, 0009840530, 096, 002
0000000495, 181907, 0009214750, 099, 002
0000000496, 181908, 0009247630, 099, 002
0000000497, 181909, 0008724340, 099, 002
0000000498, 181910, 0008552980, 099, 002
0000000499, 181911, 0008151860, 099, 002
0000000500, 181912, 0008054670, 100, 002
0000000501, 181913, 0007446850, 099, 002
0000000502, 181914, 0007453500, 099, 002
0000000503, 181915, 0006945000, 099, 002
0000000504, 181916, 0006790420, 099, 002
0000000505, 181917, 0006358780, 099, 002
0000000506, 181918, 0006273980, 099, 002
0000000507, 181919, 0005696490, 099, 002
0000000508, 181920, 0005675210, 099, 002
0000000509, 181921, 0005418220, 099, 002
0000000510, 181922, 0005321300, 099, 002
0000000511, 181923, 0004880770, 099, 002
0000000512, 181924, 0004736510, 098, 001
0000000513, 181925, 0004532720, 099, 001
0000000514, 181926, 0004439640, 100, 001
0000000515, 181927, 0003985530, 099, 001
0000000516, 181928, 0003846210, 100, 001
0000000517, 181929, 0003638400, 099, 001
0000000518, 181930, 0003552510, 100, 001
0000000519, 181931, 0003325060, 099, 001
0000000520, 181932, 0003292540, 100, 001
0000000521, 181933, 0003253630, 100, 001
0000000522, 181934, 0003278500, 099, 001
0000000523, 181935, 0003008930, 099, 001
0000000524, 181936, 0002993460, 100, 001
0000000525, 181937, 0002957390, 100, 001
0000000526, 181938, 0002993150, 099, 001
0000000527, 181939, 0002957290, 100, 001
0000000528, 181940, 0002993440, 100, 001
0000000529, 181941, 0002957490, 099, 001
0000000530, 181942, 0002993150, 100, 001
0000000531, 181943, 0002957760, 099, 001
0000000532, 181944, 0002993280, 099, 001
0000000533, 181945, 0002957430, 100, 001
0000000534, 181946, 0002993520, 099, 001
0000000535, 181947, 0003197980, 100, 001
0000000536, 181948, 0003292740, 100, 001
0000000537, 181949, 0003493060, 100, 001
0000000538, 181950, 0003591680, 100, 001
0000000539, 181951, 0003786560, 100, 001
0000000540, 181952, 0003889730, 100, 001
0000000541, 181953, 0004082560, 100, 001
0000000542, 181954, 0004191040, 100, 001
0000000543, 181955, 0004376860, 100, 001
0000000544, 181956, 0004439140, 100, 001
0000000545, 181957, 0004959660, 099, 001
0000000546, 181958, 0005034700, 099, 001
0000000547, 181959, 0005318880, 100, 001
0000000548, 182000, 0005327200, 100, 001
0000000549, 182001, 0005852030, 099, 001
0000000550, 182002, 0005953850, 100, 001
0000000551, 182003, 0006380340, 099, 001
0000000552, 182004, 0006579730, 099, 001
0000000553, 182005, 0006780640, 095, 001
0000000554, 182006, 0006807210, 094, 001
0000000555, 182007, 0007259390, 087, 002
0000000556, 182008, 0007478370, 091, 002
0000000557, 182009, 0007917590, 095, 002
0000000558, 182010, 0007964860, 099, 002
0000000559, 182011, 0008509840, 099, 002
0000000560, 182012, 0008649850, 099, 002
0000000561, 182013, 0009014850, 099, 002
0000000562, 182014, 0009270940, 099, 002
0000000563, 182015, 0009590680, 099, 002
0000000564, 182016, 0009842650, 099, 002
0000000565, 182017, 0010284400, 100, 002
0000000566, 182018, 0010312600, 099, 002
0000000567, 182019, 0010868500, 099, 002
0000000568, 182020, 0011017000, 098, 002
0000000569, 182021, 0011336500, 096, 002
0000000570, 182022, 0011615800, 099, 002
0000000571, 182023, 0012054400, 098, 002
0000000572, 182024, 0012076000, 096, 002
0000000573, 182025, 0012430800, 095, 002
0000000574, 182026, 0012528300, 091, 002
0000000575, 182028, 0012806100, 093, 002
0000000576, 182029, 0013112800, 098, 002
0000000577, 182030, 0013307300, 091, 002
0000000578, 182031, 0013412100, 094, 002
0000000579, 182032, 0013443900, 094, 002
0000000580, 182033, 0013696500, 092, 002
0000000581, 182034, 0013905500, 089, 004
0000000582, 182035, 0013844300, 091, 004
0000000583, 182036, 0014191000, 098, 004
0000000584, 182037, 0014287600, 100, 004
0000000585, 182038, 0014489400, 098, 004
0000000586, 182039, 0014583400, 098, 004
0000000587, 182040, 0014397700, 098, 004
0000000588, 182041, 0014600600, 098, 004
0000000589, 182042, 0014569000, 098, 004
0000000590, 182043, 0014435200, 098, 004
0000000591, 182044, 0014577900, 100, 004
0000000592, 182045, 0014604800, 098, 004
0000000593, 182046, 0014576000, 098, 004
0000000594, 182047, 0014437700, 098, 004
0000000595, 182048, 0014578800, 098, 004
0000000596, 182049, 0014536800, 100, 004
0000000597, 182050, 0014146300, 098, 004
0000000598, 182051, 0014276000, 098, 004
0000000599, 182052, 0014303900, 098, 004
0000000600, 182053, 0014042900, 098, 004
0000000601, 182054, 0013851300, 098, 004
0000000602, 182055, 0013758100, 098, 004
0000000603, 182056, 0013680600, 100, 004
0000000604, 182057, 0013141500, 097, 004
0000000605, 182058, 0013091100, 100, 004
0000000606, 182059, 0012864300, 100, 004
0000000607, 182100, 0012637700, 097, 004
0000000608, 182101, 0012566900, 097, 004
0000000609, 182102, 0012510000, 097, 004
0000000610, 182103, 0012070500, 097, 004
0000000611, 182104, 0011768100, 097, 004
0000000612, 182105, 0011487600, 097, 004
0000000613, 182106, 0011334100, 097, 004
0000000614, 182107, 0010753000, 097, 004
0000000615, 182108, 0010727300, 097, 004
0000000616, 182110, 0010295100, 100, 004
0000000617, 182111, 0010132000, 097, 002
0000000618, 182112, 0009627170, 093, 002
0000000619, 182113, 0009470190, 100, 002
0000000620, 182114, 0009097870, 099, 002
0000000621, 182115, 0008975620, 099, 002
0000000622, 182116, 0008452990, 099, 002
0000000623, 182117, 0008344000, 099, 002
0000000624, 182118, 0007928320, 099, 002
0000000625, 182119, 0007666620, 100, 002
0000000626, 182120, 0007338310, 099, 002
0000000627, 182121, 0007162020, 099, 002
0000000628, 182122, 0006867400, 099, 002
0000000629, 182123, 0006451960, 099, 002
0000000630, 182124, 0006206660, 099, 002
0000000631, 182125, 0005857500, 099, 002
0000000632, 182126, 0005675490, 099, 002
0000000633, 182127, 0005214080, 099, 002
0000000634, 182128, 0005076480, 099, 002
0000000635, 182129, 0004825450, 097, 001
0000000636, 182130, 0004791260, 099, 001
0000000637, 182131, 0004329660, 099, 001
0000000638, 182132, 0004190950, 099, 001
0000000639, 182133, 0003938390, 099, 001
0000000640, 182134, 0003889790, 099, 001
0000000641, 182135, 0003643780, 099, 001
0000000642, 182136, 0003592320, 099, 001
0000000643, 182137, 0003349900, 099, 001
0000000644, 182138, 0003292790, 099, 001
0000000645, 182139, 0003054780, 099, 001
0000000646, 182140, 0002993840, 099, 001
0000000647, 182141, 0002957650, 100, 001
0000000648, 182142, 0002993600, 100, 001
0000000649, 182143, 0002957840, 100, 001
0000000650, 182144, 0002960230, 099, 001
0000000651, 182145, 0002990420, 100, 001
0000000652, 182146, 0002960680, 100, 001
0000000653, 182147, 0002990660, 099, 001
0000000654, 182148, 0002960000, 100, 001
0000000655, 182149, 0002990780, 100, 001
0000000656, 182150, 0002959870, 099, 001
0000000657, 182151, 0002990660, 100, 001
0000000658, 182152, 0002960640, 099, 001
0000000659, 182153, 0003185590, 100, 001
0000000660, 182154, 0003256710, 100, 001
0000000661, 182155, 0003484160, 100, 001
0000000662, 182156, 0003551870, 099, 001
0000000663, 182157, 0003781120, 100, 001
0000000664, 182158, 0003846530, 099, 001
0000000665, 182159, 0004079550, 100, 001
0000000666, 182200, 0004144380, 099, 001
0000000667, 182201, 0004378690, 100, 001
0000000668, 182202, 0004468540, 100, 001
0000000669, 182203, 0004816960, 100, 001
0000000670, 182204, 0005033150, 099, 001
0000000671, 182205, 0005272630, 100, 001
0000000672, 182206, 0005327180, 099, 001
0000000673, 182207, 0005759170, 099, 001
0000000674, 182208, 0005915860, 100, 001
0000000675, 182209, 0006355490, 099, 001
0000000676, 182210, 0006509640, 099, 001
0000000677, 182211, 0006949680, 094, 001
0000000678, 182212, 0007102320, 091, 001
0000000679, 182213, 0007546930, 086, 002
0000000680, 182214, 0007687210, 084, 004
0000000681, 182215, 0008134830, 100, 004
0000000682, 182216, 0008271070, 100, 002
0000000683, 182217, 0008720390, 099, 002
0000000684, 182218, 0008875950, 100, 002
0000000685, 182219, 0009319350, 099, 002
0000000686, 182220, 0009553520, 099, 002
0000000687, 182221, 0009790670, 099, 002
0000000688, 182222, 0010134600, 099, 002
0000000689, 182223, 0010485200, 099, 002
0000000690, 182224, 0010604300, 099, 002
0000000691, 182225, 0011078400, 099, 002
0000000692, 182226, 0011329600, 099, 002
0000000693, 182227, 0011488400, 099, 002
0000000694, 182228, 0011486100, 099, 002
0000000695, 182229, 0011960600, 099, 002
0000000696, 182230, 0012137200, 099, 002
0000000697, 182231, 0012548300, 098, 002
0000000698, 182232, 0012659500, 097, 002
0000000699, 182234, 0013049400, 098, 002
0000000700, 182235, 0012962600, 098, 002
0000000701, 182236, 0013257800, 097, 002
0000000702, 182237, 0013411300, 096, 002
0000000703, 182238, 0013397300, 095, 002
0000000704, 182239, 0013695100, 094, 002
0000000705, 182240, 0013842700, 092, 002
0000000706, 182241, 0013994900, 092, 002
0000000707, 182242, 0014004600, 091, 002
0000000708, 182243, 0014289900, 090, 002
0000000709, 182244, 0014443600, 089, 004
0000000710, 182245, 0014605700, 089, 004
0000000711, 182246, 0014415400, 096, 004
0000000712, 182247, 0014600000, 096, 004
0000000713, 182248, 0014563500, 098, 004
0000000714, 182249, 0014420200, 098, 004
0000000715, 182250, 0014567900, 098, 004
0000000716, 182251, 0014586100, 098, 004
0000000717, 182252, 0014565800, 098, 004
0000000718, 182253, 0014582000, 098, 004
0000000719, 182254, 0014416000, 098, 004
0000000720, 182255, 0014612700, 098, 004
0000000721, 182256, 0014392600, 098, 004
0000000722, 182257, 0014142400, 098, 004
0000000723, 182258, 0014285700, 098, 004
0000000724, 182259, 0014180100, 098, 004
0000000725, 182300, 0014121500, 098, 004
0000000726, 182301, 0013992600, 098, 004
0000000727, 182302, 0013649900, 098, 004
0000000728, 182303, 0013677700, 098, 004
0000000729, 182304, 0013334500, 098, 004
0000000730, 182305, 0013098800, 097, 004
0000000731, 182306, 0012646400, 097, 004
0000000732, 182307, 0012435100, 097, 004
0000000733, 182308, 0012205100, 097, 004
0000000734, 182309, 0011898500, 100, 004
0000000735, 182310, 0011902900, 100, 004
0000000736, 182311, 0011564900, 097, 004
0000000737, 182312, 0011318900, 097, 004
0000000738, 182313, 0010858700, 100, 004
0000000739, 182314, 0010726300, 097, 004
0000000740, 182315, 0010390100, 100, 004
0000000741, 182316, 0010122700, 097, 004
0000000742, 182317, 0009692210, 096, 002
0000000743, 182318, 0009550800, 099, 002
0000000744, 182319, 0009216120, 099, 002
0000000745, 182320, 0008853180, 099, 002
0000000746, 182321, 0008624860, 099, 002
0000000747, 182322, 0008359350, 099, 002
0000000748, 182323, 0007933210, 099, 002
0000000749, 182324, 0007759390, 099, 002
0000000750, 182325, 0007426940, 099, 002
0000000751, 182326, 0007081770, 099, 002
0000000752, 182327, 0006837480, 099, 002
0000000753, 182328, 0006582430, 099, 002
0000000754, 182329, 0006178010, 099, 002
0000000755, 182330, 0005972020, 099, 002
0000000756, 182331, 0005744700, 099, 002
0000000757, 182332, 0005688580, 099, 002
0000000758, 182333, 0005306940, 099, 002
0000000759, 182334, 0005087930, 100, 002
0000000760, 182335, 0004870750, 098, 001
0000000761, 182336, 0004791340, 100, 001
0000000762, 182337, 0004423040, 099, 001
0000000763, 182338, 0004190460, 100, 001
0000000764, 182339, 0003985920, 099, 001
0000000765, 182340, 0003889790, 100, 001
0000000766, 182341, 0003689790, 099, 001
0000000767, 182342, 0003592190, 099, 001
0000000768, 182343, 0003396710, 099, 001
0000000769, 182344, 0003277530, 099, 001
0000000770, 182345, 0003136450, 099, 001
0000000771, 182346, 0002960770, 100, 001
0000000772, 182347, 0002957890, 099, 001
0000000773, 182348, 0002993140, 099, 001
0000000774, 182349, 0002957710, 100, 001
0000000775, 182350, 0002993500, 100, 001
0000000776, 182351, 0002957640, 099, 001
0000000777, 182352, 0002993560, 100, 001
0000000778, 182353, 0002957740, 099, 001
0000000779, 182354, 0002993340, 099, 001
0000000780, 182355, 0002957840, 100, 001
0000000781, 182356, 0002993660, 100, 001
0000000782, 182357, 0002958080, 100, 001
0000000783, 182358, 0002993730, 099, 001
0000000784, 182359, 0003104830, 100, 001
0000000785, 182400, 0003293060, 099, 001
0000000786, 182401, 0003400060, 100, 001
0000000787, 182402, 0003592430, 100, 001
0000000788, 182403, 0003693600, 100, 001
0000000789, 182404, 0003846840, 100, 001
0000000790, 182405, 0004031620, 100, 001
0000000791, 182407, 0004145190, 099, 001
0000000792, 182408, 0004476700, 100, 001
0000000793, 182409, 0004738030, 100, 001
0000000794, 182410, 0004929610, 100, 001
0000000795, 182411, 0005032890, 100, 001
0000000796, 182412, 0005371840, 100, 001
0000000797, 182413, 0005624210, 099, 001
0000000798, 182414, 0005823190, 100, 001
0000000799, 182415, 0005915370, 099, 001
0000000800, 182416, 0006259640, 099, 001
0000000801, 182417, 0006509030, 098, 001
0000000802, 182418, 0007181470, 089, 001
0000000803, 182419, 0007368510, 087, 004
0000000804, 182420, 0007772910, 100, 004
0000000805, 182421, 0008029530, 100, 002
0000000806, 182422, 0008266590, 099, 002
0000000807, 182423, 0008627190, 099, 002
0000000808, 182424, 0008952870, 099, 002
0000000809, 182425, 0009118090, 099, 002
0000000810, 182426, 0009553250, 099, 002
0000000811, 182427, 0009721980, 099, 002
0000000812, 182428, 0010158700, 099, 002
0000000813, 182429, 0010302700, 099, 002
0000000814, 182430, 0010750700, 099, 002
0000000815, 182431, 0010866000, 099, 002
0000000816, 182432, 0011356400, 099, 002
0000000817, 182433, 0011523800, 098, 002
0000000818, 182434, 0011918500, 095, 002
0000000819, 182435, 0011902300, 094, 002
0000000820, 182436, 0012225400, 096, 002
0000000821, 182437, 0012463500, 095, 002
0000000822, 182438, 0012658600, 081, 002
0000000823, 182439, 0012928300, 089, 004
0000000824, 182440, 0013095400, 088, 004
0000000825, 182441, 0013209600, 100, 004
0000000826, 182442, 0013680100, 098, 004
0000000827, 182443, 0013791600, 098, 004
0000000828, 182444, 0013978600, 098, 004
0000000829, 182445, 0013938700, 098, 004
0000000830, 182446, 0014304500, 100, 004
0000000831, 182447, 0014273100, 098, 004
0000000832, 182448, 0014307900, 098, 004
0000000833, 182449, 0014247400, 098, 004
0000000834, 182450, 0014599300, 098, 004
0000000835, 182451, 0014569700, 098, 004
0000000836, 182452, 0014580100, 098, 004
0000000837, 182453, 0014417300, 098, 004
0000000838, 182454, 0014586800, 098, 004
0000000839, 182455, 0014560400, 098, 004
0000000840, 182456, 0014583600, 098, 004
0000000841, 182457, 0014401800, 098, 004
0000000842, 182458, 0014545000, 098, 004
0000000843, 182459, 0014580800, 098, 004
0000000844, 182500, 0014478000, 100, 004
0000000845, 182501, 0014444800, 098, 004
0000000846, 182502, 0014292300, 098, 004
0000000847, 182503, 0014158000, 098, 004
0000000848, 182504, 0013839500, 098, 004
0000000849, 182505, 0013850700, 100, 004
0000000850, 182506, 0013695000, 098, 004
0000000851, 182507, 0013408900, 098, 004
0000000852, 182508, 0013407800, 098, 004
0000000853, 182509, 0013252200, 097, 004
0000000854, 182510, 0013092800, 097, 004
0000000855, 182511, 0012806000, 097, 004
0000000856, 182512, 0012778200, 097, 004
0000000857, 182513, 0012540100, 097, 004
0000000858, 182514, 0012207000, 097, 004
0000000859, 182515, 0011815000, 097, 004
0000000860, 182516, 0011607300, 097, 004
0000000861, 182517, 0011471700, 097, 004
0000000862, 182518, 0011319800, 097, 004
0000000863, 182519, 0010946500, 097, 004
0000000864, 182520, 0010717400, 097, 004
0000000865, 182521, 0010470000, 097, 004
0000000866, 182522, 0010120600, 097, 004
0000000867, 182523, 0009878170, 096, 002
0000000868, 182524, 0009444720, 099, 002
0000000869, 182525, 0009330370, 099, 002
0000000870, 182526, 0008853980, 099, 002
0000000871, 182527, 0008715470, 099, 002
0000000872, 182528, 0008360030, 099, 002
0000000873, 182529, 0008028840, 099, 002
0000000874, 182530, 0007753430, 099, 002
0000000875, 182531, 0007521350, 099, 002
0000000876, 182532, 0007099470, 099, 002
0000000877, 182533, 0006947520, 099, 002
0000000878, 182534, 0006493680, 099, 002
0000000879, 182535, 0006337560, 099, 002
0000000880, 182536, 0005972070, 099, 002
0000000881, 182537, 0005681550, 099, 002
0000000882, 182538, 0005374530, 099, 002
0000000883, 182539, 0005259650, 099, 002
0000000884, 182541, 0005032900, 099, 001
0000000885, 182542, 0004860700, 090, 001
0000000886, 182543, 0004439400, 100, 001
0000000887, 182544, 0004375620, 099, 001
0000000888, 182545, 0004172420, 099, 001
0000000889, 182546, 0004031680, 099, 001
0000000890, 182547, 0003890050, 100, 001
0000000891, 182548, 0003720510, 099, 001
0000000892, 182549, 0003592450, 099, 001
0000000893, 182550, 0003443570, 099, 001
0000000894, 182551, 0003293130, 100, 001
0000000895, 182552, 0003148800, 099, 001
0000000896, 182553, 0002993540, 100, 001
0000000897, 182554, 0002957890, 100, 001
0000000898, 182555, 0002993610, 100, 001
0000000899, 182556, 0002957830, 100, 001
0000000900, 182557, 0002993710, 099, 001
0000000901, 182558, 0002993550, 099, 001
0000000902, 182559, 0002957790, 100, 001
0000000903, 182600, 0002993410, 099, 001
0000000904, 182601, 0002957700, 100, 001
0000000905, 182602, 0002960610, 099, 001
0000000906, 182603, 0002990240, 100, 001
0000000907, 182604, 0002960120, 099, 001
0000000908, 182605, 0003091280, 100, 001
0000000909, 182606, 0003255870, 099, 001
0000000910, 182607, 0003390280, 100, 001
0000000911, 182608, 0003552900, 100, 001
0000000912, 182609, 0003687230, 100, 001
0000000913, 182610, 0003846660, 099, 001
0000000914, 182611, 0003986110, 100, 001
0000000915, 182612, 0004143550, 100, 001
0000000916, 182614, 0004383870, 100, 001
0000000917, 182615, 0004737340, 099, 001
0000000918, 182616, 0004857730, 100, 001
0000000919, 182617, 0005219410, 100, 001
0000000920, 182619, 0005687450, 099, 001
0000000921, 182620, 0005809060, 100, 001
0000000922, 182621, 0006216510, 100, 001
0000000923, 182622, 0006466450, 098, 001
0000000924, 182623, 0006808030, 095, 001
0000000925, 182624, 0006971290, 093, 001
0000000926, 182625, 0007103430, 090, 001
0000000927, 182626, 0007361570, 087, 001
0000000928, 182627, 0007686820, 081, 002
0000000929, 182628, 0007959270, 092, 004
0000000930, 182629, 0008268180, 089, 004
0000000931, 182630, 0008860920, 085, 004
0000000932, 182631, 0009130180, 095, 004
0000000933, 182632, 0009549180, 096, 002
0000000934, 182633, 0009607040, 099, 002
0000000935, 182634, 0010159700, 099, 002
0000000936, 182635, 0010208200, 099, 002
0000000937, 182636, 0010751200, 099, 002
0000000938, 182637, 0010893300, 099, 002
0000000939, 182638, 0011201400, 099, 002
0000000940, 182639, 0011488500, 099, 002
0000000941, 182640, 0011918600, 099, 002
0000000942, 182641, 0011943400, 099, 002
0000000943, 182642, 0012524200, 098, 002
0000000944, 182643, 0012584200, 097, 002
0000000945, 182644, 0012655300, 089, 002
0000000946, 182645, 0012883600, 090, 004
0000000947, 182646, 0012976300, 096, 004
0000000948, 182647, 0013243600, 098, 004
0000000949, 182648, 0013679700, 098, 004
0000000950, 182649, 0013741100, 098, 004
0000000951, 182650, 0013836600, 098, 004
0000000952, 182651, 0014064700, 098, 004
0000000953, 182652, 0014301500, 098, 004
0000000954, 182653, 0014267200, 098, 004
0000000955, 182654, 0014146500, 098, 004
0000000956, 182655, 0014345000, 098, 004
0000000957, 182656, 0014596800, 098, 004
0000000958, 182657, 0014576700, 098, 004
0000000959, 182658, 0014429800, 100, 004
0000000960, 182659, 0014574900, 098, 004
0000000961, 182700, 0014596600, 098, 004
0000000962, 182701, 0014522100, 098, 004
0000000963, 182702, 0014433300, 098, 004
0000000964, 182703, 0014576700, 098, 004
0000000965, 182704, 0014584100, 098, 004
0000000966, 182705, 0014575400, 098, 004
0000000967, 182706, 0014434100, 098, 004
0000000968, 182707, 0014486600, 098, 004
0000000969, 182708, 0014302200, 098, 004
0000000970, 182709, 0014047500, 098, 004
0000000971, 182710, 0013993300, 098, 004
0000000972, 182711, 0013882600, 098, 004
0000000973, 182712, 0013678800, 098, 004
0000000974, 182713, 0013436400, 098, 004
0000000975, 182714, 0013389100, 098, 004
0000000976, 182715, 0013298200, 097, 004
0000000977, 182716, 0013095900, 097, 004
0000000978, 182717, 0012939100, 097, 004
0000000979, 182718, 0012375800, 097, 004
0000000980, 182719, 0012425900, 097, 004
0000000981, 182720, 0012203400, 097, 004
0000000982, 182721, 0011915500, 097, 004
0000000983, 182722, 0011599000, 100, 004
0000000984, 182723, 0011452000, 100, 004
0000000985, 182724, 0011009700, 097, 004
0000000986, 182725, 0010850700, 097, 004
0000000987, 182726, 0010388800, 097, 004
0000000988, 182727, 0010151500, 097, 002
0000000989, 182728, 0009829520, 096, 002
0000000990, 182729, 0009693160, 099, 002
0000000991, 182730, 0009169690, 099, 002
0000000992, 182731, 0009102850, 100, 002
0000000993, 182732, 0008650650, 099, 002
0000000994, 182733, 0008411270, 099, 002
0000000995, 182734, 0008054680, 099, 002
0000000996, 182735, 0007909140, 099, 002
0000000997, 182736, 0007370830, 099, 002
0000000998, 182737, 0007399790, 099, 002
0000000999, 182738, 0007162000, 099, 002
0000001000, 182739, 0006946750, 099, 002
0000001001, 182740, 0006567220, 099, 002
0000001002, 182742, 0006431950, 099, 002
0000001003, 182743, 0005903450, 099, 002
0000001004, 182744, 0005839280, 099, 002
0000001005, 182745, 0005376220, 099, 002
0000001006, 182746, 0005246650, 099, 002
0000001007, 182747, 0005081510, 099, 001
0000001008, 182748, 0004905920, 097, 001
0000001009, 182749, 0004489650, 100, 001
0000001010, 182750, 0004375220, 099, 001
0000001011, 182751, 0004191200, 100, 001
0000001012, 182752, 0004080330, 099, 001
0000001013, 182753, 0003889460, 099, 001
0000001014, 182754, 0003784260, 099, 001
0000001015, 182755, 0003591940, 100, 001
0000001016, 182756, 0003490690, 099, 001
0000001017, 182757, 0003293120, 099, 001
0000001018, 182758, 0003195650, 099, 001
0000001019, 182759, 0002993540, 100, 001
0000001020, 182800, 0002993280, 099, 001
0000001021, 182801, 0002957570, 100, 001
0000001022, 182802, 0002960510, 099, 001
0000001023, 182803, 0002430340, 099, 001
0000001024, 182804, 0000000000, 100, 001
0000001025, 182805, 0000000000, 100, 001
0000001026, 182806, 0000000000, 100, 001
0000001027, 182807, 0000000000, 100, 001
0000001028, 182808, 0000000000, 100, 001
0000001029, 182809, 0000000000, 100, 001
0000001030, 182810, 0000000000, 100, 001
0000001031, 182811, 0000000000, 100, 001
0000001032, 182812, 0000000000, 100, 001
0000001033, 182813, 0000000000, 100, 001
0000001034, 182814, 0000000000, 100, 001
0000001035, 182815, 0000000000, 100, 001
0000001036, 182816, 0000000000, 100, 001
0000001037, 182817, 0000000000, 100, 001
0000001038, 182818, 0000000000, 100, 001
0000001039, 182819, 0000000000, 100, 001
0000001040, 182820, 0000000000, 100, 001
0000001041, 182821, 0000000000, 100, 001
0000001042, 182822, 0000000000, 100, 001
0000001043, 182823, 0000000000, 100, 001
0000001044, 182824, 0000000000, 100, 001
0000001045, 182825, 0000000000, 100, 001
0000001046, 182826, 0000000000, 100, 001
0000001047, 182827, 0000000000, 100, 001
0000001048, 182828, 0000000000, 100, 001
0000001049, 182829, 0000000000, 100, 001
0000001050, 182830, 0000000000, 100, 001
0000001051, 182831, 0000000000, 100, 001
0000001052, 182832, 0000000000, 100, 001
0000001053, 182833, 0000000000, 100, 001
0000001054, 182834, 0000000000, 100, 001
0000001055, 182835, 0000000000, 100, 001
0000001056, 182836, 0000000000, 100, 001
0000001057, 182837, 0000000000, 100, 001
0000001058, 182838, 0000000000, 100, 001
0000001059, 182839, 0000000000, 100, 001
0000001060, 182840, 0000000000, 100, 001
0000001061, 182841, 0000000000, 100, 001
0000001062, 182842, 0000000000, 100, 001
0000001063, 182843, 0000000000, 100, 001
0000001064, 182844, 0000000000, 100, 001
0000001065, 182845, 0000000000, 100, 001
0000001066, 182846, 0000000000, 100, 001
0000001067, 182847, 0000000000, 100, 001
0000001068, 182848, 0000000000, 100, 001
0000001069, 182849, 0000000000, 100, 001
0000001070, 182850, 0000000000, 100, 001
0000001071, 182851, 0000000000, 100, 001
0000001072, 182852, 0000000000, 100, 001
0000001073, 182853, 0000000000, 100, 001
0000001074, 182854, 0000000000, 100, 001
0000001075, 182855, 0000000000, 100, 001
0000001076, 182856, 0000000000, 100, 001
0000001077, 182857, 0000000000, 100, 001
0000001078, 182858, 0000000000, 100, 001
0000001079, 182859, 0000000000, 100, 001
0000001080, 182900, 0000000000, 100, 001
0000001081, 182901, 0000000000, 100, 001
0000001082, 182902, 0000000000, 100, 001
0000001083, 182903, 0000000000, 100, 001
0000001084, 182904, 0000000000, 100, 001
0000001085, 182905, 0000000000, 100, 001
0000001086, 182906, 0000000000, 100, 001
0000001087, 182907, 0000000000, 100, 001
0000001088, 182908, 0000000000, 100, 001
0000001089, 182909, 0000000000, 100, 001
0000001090, 182910, 0000000000, 100, 001
0000001091, 182911, 0000000000, 100, 001
0000001092, 182912, 0000000000, 100, 001
0000001093, 182913, 0000000000, 100, 001
0000001094, 182914, 0000000000, 100, 001
0000001095, 182915, 0000000000, 100, 001
0000001096, 182916, 0000000000, 100, 001
0000001097, 182917, 0000000000, 100, 001
0000001098, 182919, 0000000000, 100, 001
0000001099, 182920, 0000000000, 100, 001
0000001100, 182921, 0000000000, 100, 001
0000001101, 182922, 0000000000, 100, 001
0000001102, 182923, 0000000000, 100, 001
0000001103, 182924, 0000000000, 100, 001
0000001104, 182925, 0000000000, 100, 001
0000001105, 182926, 0000000000, 100, 001
0000001106, 182927, 0000000000, 100, 001
0000001107, 182928, 0000000000, 100, 001
0000001108, 182929, 0000000000, 100, 001
0000001109, 182930, 0000000000, 100, 001
0000001110, 182931, 0000000000, 100, 001
0000001111, 182932, 0000000000, 100, 001
0000001112, 182933, 0000000000, 100, 001
0000001113, 182934, 0000000000, 100, 001
0000001114, 182935, 0000000000, 100, 001
0000001115, 182936, 0000000000, 100, 001
0000001116, 182937, 0000000000, 100, 001
0000001117, 182938, 0000000000, 100, 001
0000001118, 182939, 0000000000, 100, 001
0000001119, 182940, 0000000000, 100, 001
0000001120, 182941, 0000000000, 100, 001
0000001121, 182942, 0000000000, 100, 001
0000001122, 182943, 0000000000, 100, 001
0000001123, 182944, 0000000000, 100, 001
0000001124, 182945, 0000000000, 100, 001
0000001125, 182946, 0000000000, 100, 001
0000001126, 182947, 0000000000, 100, 001
0000001127, 182948, 0000000000, 100, 001
0000001128, 182949, 0000000000, 100, 001
0000001129, 182950, 0000000000, 100, 001
0000001130, 182951, 0000000000, 100, 001
0000001131, 182952, 0000000000, 100, 001
0000001132, 182953, 0000000000, 100, 001
0000001133, 182954, 0000000000, 100, 001
0000001134, 182955, 0000000000, 100, 001
0000001135, 182956, 0000000000, 100, 001
0000001136, 182957, 0000000000, 100, 001
0000001137, 182958, 0000000000, 100, 001
0000001138, 182959, 0000000000, 100, 001
0000001139, 183000, 0000000000, 100, 001
0000001140, 183001, 0000000000, 100, 001
0000001141, 183002, 0000000000, 100, 001
0000001142, 183003, 0000000000, 100, 001
0000001143, 183004, 0000000000, 100, 001
0000001144, 183005, 0000000000, 100, 001
0000001145, 183006, 0000000000, 100, 001
0000001146, 183007, 0000000000, 100, 001
0000001147, 183008, 0000000000, 100, 001
0000001148, 183009, 0000000000, 100, 001
0000001149, 183010, 0000000000, 100, 001
0000001150, 183011, 0000000000, 100, 001
0000001151, 183012, 0000000000, 100, 001
0000001152, 183013, 0000000000, 100, 001
0000001153, 183014, 0000000000, 100, 001
0000001154, 183015, 0000000000, 100, 001
0000001155, 183016, 0000000000, 100, 001
0000001156, 183017, 0000000000, 100, 001
0000001157, 183018, 0000000000, 100, 001
0000001158, 183019, 0000000000, 100, 001
0000001159, 183020, 0000000000, 100, 001
0000001160, 183021, 0000000000, 100, 001
0000001161, 183022, 0000000000, 100, 001
0000001162, 183023, 0000000000, 100, 001
0000001163, 183024, 0000000000, 100, 001
0000001164, 183025, 0000000000, 100, 001
0000001165, 183026, 0000000000, 100, 001
0000001166, 183027, 0000000000, 100, 001
0000001167, 183028, 0000000000, 100, 001
0000001168, 183029, 0000000000, 100, 001
0000001169, 183030, 0000000000, 100, 001
0000001170, 183031, 0000000000, 100, 001
0000001171, 183032, 0000000000, 100, 001
0000001172, 183033, 0000000000, 100, 001
0000001173, 183034, 0000000000, 100, 001
0000001174, 183035, 0000000000, 100, 001
0000001175, 183036, 0000000000, 100, 001
0000001176, 183038, 0000000000, 100, 001
0000001177, 183039, 0000000000, 100, 001
0000001178, 183040, 0000000000, 100, 001
0000001179, 183041, 0000000000, 100, 001
0000001180, 183042, 0000000000, 100, 001
0000001181, 183043, 0000000000, 100, 001
0000001182, 183044, 0000000000, 100, 001
0000001183, 183045, 0000000000, 100, 001
0000001184, 183046, 0000000000, 100, 001
0000001185, 183047, 0000000000, 100, 001
0000001186, 183048, 0000000000, 100, 001
0000001187, 183049, 0000000000, 100, 001
0000001188, 183050, 0000000000, 100, 001
0000001189, 183051, 0000000000, 100, 001
0000001190, 183052, 0000000000, 100, 001
0000001191, 183053, 0000000000, 100, 001
0000001192, 183054, 0000000000, 100, 001
0000001193, 183055, 0000000000, 100, 001
0000001194, 183056, 0000000000, 100, 001
0000001195, 183057, 0000000000, 100, 001
0000001196, 183058, 0000000000, 100, 001
0000001197, 183059, 0000000000, 100, 001
0000001198, 183100, 0000000000, 100, 001
0000001199, 183101, 0000000000, 100, 001
0000001200, 183102, 0000000000, 100, 001
0000001201, 183103, 0000000000, 100, 001
0000001202, 183104, 0000000000, 100, 001
0000001203, 183105, 0000000000, 100, 001
0000001204, 183106, 0000000000, 100, 001
0000001205, 183107, 0000000000, 100, 001
0000001206, 183108, 0000000000, 100, 001
0000001207, 183109, 0000000000, 100, 001
0000001208, 183110, 0000000000, 100, 001
0000001209, 183111, 0000000000, 100, 001
0000001210, 183112, 0000000000, 100, 001
0000001211, 183113, 0000000000, 100, 001
0000001212, 183114, 0000000000, 100, 001
0000001213, 183115, 0000000000, 100, 001
0000001214, 183116, 0000000000, 100, 001
0000001215, 183117, 0000000000, 100, 001
0000001216, 183118, 0000000000, 100, 001
0000001217, 183120, 0000000000, 100, 001
0000001218, 183121, 0000000000, 100, 001
0000001219, 183122, 0000000000, 100, 001
0000001220, 183123, 0000000000, 100, 001
0000001221, 183124, 0000000000, 100, 001
0000001222, 183125, 0000000000, 100, 001
0000001223, 183126, 0000000000, 100, 001
0000001224, 183127, 0000000000, 100, 001
0000001225, 183128, 0000000000, 100, 001
0000001226, 183129, 0000000000, 100, 001
0000001227, 183130, 0000000000, 100, 001
0000001228, 183131, 0000000000, 100, 001
0000001229, 183132, 0000000000, 100, 001
0000001230, 183133, 0000000000, 100, 001
0000001231, 183134, 0000000000, 100, 001
0000001232, 183135, 0000000000, 100, 001
0000001233, 183136, 0000000000, 100, 001
0000001234, 183137, 0000000000, 100, 001
0000001235, 183138, 0000000000, 100, 001
0000001236, 183139, 0000000000, 100, 001
0000001237, 183140, 0000000000, 100, 001
0000001238, 183141, 0000000000, 100, 001
0000001239, 183142, 0000000000, 100, 001
0000001240, 183143, 0000000000, 100, 001
0000001241, 183144, 0000000000, 100, 001
0000001242, 183145, 0000000000, 100, 001
0000001243, 183146, 0000000000, 100, 001
0000001244, 183147, 0000000000, 100, 001
0000001245, 183148, 0000000000, 100, 001
0000001246, 183149, 0000000000, 100, 001
0000001247, 183150, 0000000000, 100, 001
0000001248, 183151, 0000000000, 100, 001
0000001249, 183152, 0000000000, 100, 001
0000001250, 183153, 0000000000, 100, 001
0000001251, 183154, 0000000000, 100, 001
0000001252, 183155, 0000000000, 100, 001
0000001253, 183156, 0000000000, 100, 001
0000001254, 183157, 0000000000, 100, 001
0000001255, 183158, 0000000000, 100, 001
0000001256, 183159, 0000000000, 100, 001
0000001257, 183200, 0000000000, 100, 001
0000001258, 183201, 0000000000, 100, 001
0000001259, 183202, 0000000000, 100, 001
0000001260, 183203, 0000000000, 100, 001
0000001261, 183204, 0000000000, 100, 001
0000001262, 183205, 0000000000, 100, 001
0000001263, 183207, 0000000000, 100, 001
0000001264, 183208, 0000000000, 100, 001
0000001265, 183209, 0000000000, 100, 001
0000001266, 183210, 0000000000, 100, 001
0000001267, 183211, 0000000000, 100, 001
0000001268, 183212, 0000000000, 100, 001
0000001269, 183213, 0000000000, 100, 001
0000001270, 183214, 0000000000, 100, 001
0000001271, 183215, 0000000000, 100, 001
0000001272, 183216, 0000000000, 100, 001
0000001273, 183217, 0000000000, 100, 001
0000001274, 183218, 0000000000, 100, 001
0000001275, 183219, 0000000000, 100, 001
0000001276, 183220, 0000000000, 100, 001
0000001277, 183221, 0000000000, 100, 001
0000001278, 183222, 0000000000, 100, 001
0000001279, 183223, 0000000000, 100, 001
0000001280, 183224, 0000000000, 100, 001
0000001281, 183225, 0000000000, 100, 001
0000001282, 183226, 0000000000, 100, 001
0000001283, 183227, 0000000000, 100, 001
0000001284, 183228, 0000000000, 100, 001
0000001285, 183229, 0000000000, 100, 001
0000001286, 183230, 0000000000, 100, 001
0000001287, 183231, 0000000000, 100, 001
0000001288, 183232, 0000000000, 100, 001
0000001289, 183233, 0000000000, 100, 001
0000001290, 183234, 0000000000, 100, 001
0000001291, 183235, 0000000000, 100, 001
0000001292, 183236, 0000000000, 100, 001
0000001293, 183237, 0000000000, 100, 001
0000001294, 183238, 0000000000, 100, 001
0000001295, 183239, 0000000000, 100, 001
0000001296, 183240, 0000000000, 100, 001
0000001297, 183241, 0000000000, 100, 001
0000001298, 183242, 0000000000, 100, 001
0000001299, 183243, 0000000000, 100, 001
0000001300, 183244, 0000000000, 100, 001
0000001301, 183245, 0000000000, 100, 001
0000001302, 183246, 0000000000, 100, 001
0000001303, 183247, 0000000000, 100, 001
0000001304, 183248, 0000000000, 100, 001
0000001305, 183249, 0000000000, 100, 001
0000001306, 183250, 0000000000, 100, 001
0000001307, 183251, 0000000000, 100, 001
0000001308, 183252, 0000000000, 100, 001
0000001309, 183253, 0000000000, 100, 001
0000001310, 183254, 0000000000, 100, 001
0000001311, 183255, 0000000000, 100, 001
0000001312, 183256, 0000000000, 100, 001
0000001313, 183257, 0000000000, 100, 001
0000001314, 183258, 0000000000, 100, 001
0000001315, 183259, 0000000000, 100, 001
0000001316, 183300, 0000000000, 100, 001
0000001317, 183301, 0000000000, 100, 001
0000001318, 183302, 0000000000, 100, 001
0000001319, 183303, 0000000000, 100, 001
0000001320, 183304, 0000000000, 100, 001
0000001321, 183305, 0000000000, 100, 001
0000001322, 183306, 0000000000, 100, 001
0000001323, 183307, 0000000000, 100, 001
0000001324, 183308, 0000000000, 100, 001
0000001325, 183309, 0000000000, 100, 001
0000001326, 183310, 0000000000, 100, 001
0000001327, 183311, 0000000000, 100, 001
0000001328, 183312, 0000000000, 100, 001
0000001329, 183313, 0000000000, 100, 001
0000001330, 183314, 0000000000, 100, 001
0000001331, 183315, 0000000000, 100, 001
0000001332, 183316, 0000000000, 100, 001
0000001333, 183317, 0000000000, 100, 001
0000001334, 183318, 0000000000, 100, 001
0000001335, 183319, 0000000000, 100, 001
0000001336, 183320, 0000000000, 100, 001
0000001337, 183321, 0000000000, 100, 001
0000001338, 183322, 0000000000, 100, 001
0000001339, 183323, 0000000000, 100, 001
0000001340, 183324, 0000000000, 100, 001
0000001341, 183325, 0000000000, 100, 001
0000001342, 183326, 0000000000, 100, 001
0000001343, 183327, 0000000000, 100, 001
0000001344, 183328, 0000000000, 100, 001
0000001345, 183329, 0000000000, 100, 001
0000001346, 183330, 0000000000, 100, 001
0000001347, 183331, 0000000000, 100, 001
0000001348, 183332, 0000000000, 100, 001
0000001349, 183333, 0000000000, 100, 001
0000001350, 183334, 0000000000, 100, 001
0000001351, 183335, 0000000000, 100, 001
0000001352, 183336, 0000000000, 100, 001
0000001353, 183337, 0000000000, 100, 001
0000001354, 183338, 0000000000, 100, 001
0000001355, 183339, 0000000000, 100, 001
0000001356, 183340, 0000000000, 100, 001
0000001357, 183341, 0000000000, 100, 001
0000001358, 183342, 0000000000, 100, 001
0000001359, 183343, 0000000000, 100, 001
0000001360, 183344, 0000000000, 100, 001
0000001361, 183346, 0000000000, 100, 001
0000001362, 183347, 0000000000, 100, 001
0000001363, 183348, 0000000000, 100, 001
0000001364, 183349, 0000000000, 100, 001
0000001365, 183350, 0000000000, 100, 001
0000001366, 183351, 0000000000, 100, 001
0000001367, 183352, 0000000000, 100, 001
0000001368, 183353, 0000000000, 100, 001
0000001369, 183354, 0000000000, 100, 001
0000001370, 183355, 0000000000, 100, 001
0000001371, 183356, 0000000000, 100, 001
0000001372, 183357, 0000000000, 100, 001
0000001373, 183358, 0000000000, 100, 001
0000001374, 183359, 0000000000, 100, 001
0000001375, 183400, 0000000000, 100, 001
0000001376, 183401, 0000000000, 100, 001
0000001377, 183402, 0000000000, 100, 001
0000001378, 183403, 0000000000, 100, 001
0000001379, 183404, 0000000000, 100, 001
0000001380, 183405, 0000000000, 100, 001
0000001381, 183406, 0000000000, 100, 001
0000001382, 183407, 0000000000, 100, 001
0000001383, 183408, 0000000000, 100, 001
0000001384, 183409, 0000000000, 100, 001
0000001385, 183410, 0000000000, 100, 001
0000001386, 183411, 0000000000, 100, 001
0000001387, 183412, 0000000000, 100, 001
0000001388, 183413, 0000000000, 100, 001
0000001389, 183414, 0000000000, 100, 001
0000001390, 183415, 0000000000, 100, 001
0000001391, 183416, 0000000000, 100, 001
0000001392, 183417, 0000000000, 100, 001
0000001393, 183418, 0000000000, 100, 001
0000001394, 183419, 0000000000, 100, 001
0000001395, 183420, 0000000000, 100, 001
0000001396, 183421, 0000000000, 100, 001
0000001397, 183422, 0000000000, 100, 001
0000001398, 183423, 0000000000, 100, 001
0000001399, 183424, 0000000000, 100, 001
0000001400, 183425, 0000000000, 100, 001
0000001401, 183426, 0000000000, 100, 001
0000001402, 183427, 0000000000, 100, 001
0000001403, 183428, 0000000000, 100, 001
0000001404, 183429, 0000000000, 100, 001
0000001405, 183430, 0000000000, 100, 001
0000001406, 183431, 0000000000, 100, 001
0000001407, 183432, 0000000000, 100, 001
0000001408, 183433, 0000000000, 100, 001
0000001409, 183434, 0000000000, 100, 001
0000001410, 183435, 0000000000, 100, 001
0000001411, 183436, 0000000000, 100, 001
0000001412, 183437, 0000000000, 100, 001
0000001413, 183438, 0000000000, 100, 001
0000001414, 183439, 0000000000, 100, 001
0000001415, 183440, 0000000000, 100, 001
0000001416, 183441, 0000000000, 100, 001
0000001417, 183442, 0000000000, 100, 001
0000001418, 183443, 0000000000, 100, 001
0000001419, 183444, 0000000000, 100, 001
0000001420, 183445, 0000000000, 100, 001
0000001421, 183446, 0000000000, 100, 001
0000001422, 183447, 0000000000, 100, 001
0000001423, 183448, 0000000000, 100, 001
0000001424, 183449, 0000000000, 100, 001
0000001425, 183450, 0000000000, 100, 001
0000001426, 183451, 0000000000, 100, 001
0000001427, 183452, 0000000000, 100, 001
0000001428, 183453, 0000000000, 100, 001
0000001429, 183454, 0000000000, 100, 001
0000001430, 183455, 0000000000, 100, 001
0000001431, 183456, 0000000000, 100, 001
0000001432, 183457, 0000000000, 100, 001
0000001433, 183458, 0000000000, 100, 001
0000001434, 183459, 0000000000, 100, 001
0000001435, 183500, 0000000000, 100, 001
0000001436, 183501, 0000000000, 100, 001
0000001437, 183502, 0000000000, 100, 001
0000001438, 183503, 0000000000, 100, 001
0000001439, 183504, 0000000000, 100, 001
0000001440, 183505, 0000000000, 100, 001
0000001441, 183506, 0000000000, 100, 001
0000001442, 183507, 0000000000, 100, 001
0000001443, 183508, 0000000000, 100, 001
0000001444, 183509, 0000000000, 100, 001
0000001445, 183510, 0000000000, 100, 001
0000001446, 183511, 0000000000, 100, 001
0000001447, 183512, 0000000000, 100, 001
0000001448, 183513, 0000000000, 100, 001
0000001449, 183514, 0000000000, 100, 001
0000001450, 183516, 0000000000, 100, 001
0000001451, 183517, 0000000000, 100, 001
0000001452, 183518, 0000000000, 100, 001
0000001453, 183519, 0000000000, 100, 001
0000001454, 183520, 0000000000, 100, 001
0000001455, 183521, 0000000000, 100, 001
0000001456, 183522, 0000000000, 100, 001
0000001457, 183523, 0000000000, 100, 001
0000001458, 183524, 0000000000, 100, 001
0000001459, 183525, 0000000000, 100, 001
0000001460, 183526, 0000000000, 100, 001
0000001461, 183527, 0000000000, 100, 001
0000001462, 183528, 0000000000, 100, 001
0000001463, 183529, 0000000000, 100, 001
0000001464, 183530, 0000000000, 100, 001
0000001465, 183531, 0000000000, 100, 001
0000001466, 183532, 0000000000, 100, 001
0000001467, 183533, 0000000000, 100, 001
0000001468, 183534, 0000000000, 100, 001
0000001469, 183535, 0000000000, 100, 001
0000001470, 183536, 0000000000, 100, 001
0000001471, 183537, 0000000000, 100, 001
0000001472, 183538, 0000000000, 100, 001
0000001473, 183539, 0000000000, 100, 001
0000001474, 183540, 0000000000, 100, 001
0000001475, 183541, 0000000000, 100, 001
0000001476, 183542, 0000000000, 100, 001
0000001477, 183543, 0000000000, 100, 001
0000001478, 183544, 0000000000, 100, 001
0000001479, 183545, 0000000000, 100, 001
0000001480, 183546, 0000000000, 100, 001
0000001481, 183547, 0000000000, 100, 001
0000001482, 183548, 0000000000, 100, 001
0000001483, 183549, 0000000000, 100, 001
0000001484, 183550, 0000000000, 100, 001
0000001485, 183551, 0000000000, 100, 001
0000001486, 183552, 0000000000, 100, 001
0000001487, 183553, 0000000000, 100, 001
0000001488, 183554, 0000000000, 100, 001
0000001489, 183555, 0000000000, 100, 001
0000001490, 183556, 0000000000, 100, 001
0000001491, 183558, 0000000000, 100, 001
0000001492, 183559, 0000000000, 100, 001
0000001493, 183600, 0000000000, 100, 001
0000001494, 183601, 0000000000, 100, 001
0000001495, 183602, 0000000000, 100, 001
0000001496, 183603, 0000000000, 100, 001
0000001497, 183604, 0000000000, 100, 001
0000001498, 183605, 0000000000, 100, 001
0000001499, 183606, 0000000000, 100, 001
0000001500, 183607, 0000000000, 100, 001
0000001501, 183608, 0000000000, 100, 001
0000001502, 183609, 0000000000, 100, 001
0000001503, 183610, 0000000000, 100, 001
0000001504, 183611, 0000000000, 100, 001
0000001505, 183612, 0000000000, 100, 001
0000001506, 183613, 0000000000, 100, 001
0000001507, 183614, 0000000000, 100, 001
0000001508, 183615, 0000000000, 100, 001
0000001509, 183616, 0000000000, 100, 001
0000001510, 183617, 0000000000, 100, 001
0000001511, 183619, 0000000000, 100, 001
0000001512, 183620, 0000000000, 100, 001
0000001513, 183621, 0000000000, 100, 001
0000001514, 183622, 0000000000, 100, 001
0000001515, 183623, 0000000000, 100, 001
0000001516, 183624, 0000000000, 100, 001
0000001517, 183625, 0000000000, 100, 001
0000001518, 183626, 0000000000, 100, 001
0000001519, 183627, 0000000000, 100, 001
0000001520, 183628, 0000000000, 100, 001
0000001521, 183629, 0000000000, 100, 001
0000001522, 183630, 0000000000, 100, 001
0000001523, 183631, 0000000000, 100, 001
0000001524, 183632, 0000000000, 100, 001
0000001525, 183633, 0000000000, 100, 001
0000001526, 183634, 0000000000, 100, 001
0000001527, 183635, 0000000000, 100, 001
0000001528, 183636, 0000000000, 100, 001
0000001529, 183637, 0000000000, 100, 001
0000001530, 183638, 0000000000, 100, 001
0000001531, 183639, 0000000000, 100, 001
0000001532, 183640, 0000000000, 100, 001
0000001533, 183641, 0000000000, 100, 001
0000001534, 183642, 0000000000, 100, 001
0000001535, 183643, 0000000000, 100, 001
0000001536, 183644, 0000000000, 100, 001
0000001537, 183645, 0000000000, 100, 001
0000001538, 183646, 0000000000, 100, 001
0000001539, 183647, 0000000000, 100, 001
0000001540, 183648, 0000000000, 100, 001
0000001541, 183649, 0000000000, 100, 001
0000001542, 183650, 0000000000, 100, 001
0000001543, 183651, 0000000000, 100, 001
0000001544, 183652, 0000000000, 100, 001
0000001545, 183653, 0000000000, 100, 001
0000001546, 183654, 0000000000, 100, 001
0000001547, 183655, 0000000000, 100, 001
0000001548, 183656, 0000000000, 100, 001
0000001549, 183657, 0000000000, 100, 001
0000001550, 183658, 0000000000, 100, 001
0000001551, 183659, 0000000000, 100, 001
0000001552, 183700, 0000000000, 100, 001
0000001553, 183701, 0000000000, 100, 001
0000001554, 183702, 0000000000, 100, 001
0000001555, 183704, 0000000000, 100, 001
0000001556, 183705, 0000000000, 100, 001
0000001557, 183706, 0000000000, 100, 001
0000001558, 183707, 0000000000, 100, 001
0000001559, 183708, 0000000000, 100, 001
0000001560, 183709, 0000000000, 100, 001
0000001561, 183710, 0000000000, 100, 001
0000001562, 183711, 0000000000, 100, 001
0000001563, 183712, 0000000000, 100, 001
0000001564, 183713, 0000000000, 100, 001
0000001565, 183714, 0000000000, 100, 001
0000001566, 183715, 0000000000, 100, 001
0000001567, 183716, 0000000000, 100, 001
0000001568, 183717, 0000000000, 100, 001
0000001569, 183718, 0000000000, 100, 001
0000001570, 183719, 0000000000, 100, 001
0000001571, 183720, 0000000000, 100, 001
0000001572, 183721, 0000000000, 100, 001
0000001573, 183722, 0000000000, 100, 001
0000001574, 183723, 0000000000, 100, 001
0000001575, 183724, 0000000000, 100, 001
0000001576, 183725, 0000000000, 100, 001
0000001577, 183727, 0000000000, 100, 001
0000001578, 183728, 0000000000, 100, 001
0000001579, 183729, 0000000000, 100, 001
0000001580, 183730, 0000000000, 100, 001
0000001581, 183731, 0000000000, 100, 001
0000001582, 183732, 0000000000, 100, 001
0000001583, 183733, 0000000000, 100, 001
0000001584, 183734, 0000000000, 100, 001
0000001585, 183735, 0000000000, 100, 001
0000001586, 183736, 0000000000, 100, 001
0000001587, 183737, 0000000000, 100, 001
0000001588, 183738, 0000000000, 100, 001
0000001589, 183739, 0000000000, 100, 001
0000001590, 183740, 0000000000, 100, 001
0000001591, 183741, 0000000000, 100, 001
0000001592, 183742, 0000000000, 100, 001
0000001593, 183743, 0000000000, 100, 001
0000001594, 183744, 0000000000, 100, 001
0000001595, 183745, 0000000000, 100, 001
0000001596, 183746, 0000000000, 100, 001
0000001597, 183747, 0000000000, 100, 001
0000001598, 183748, 0000000000, 100, 001
0000001599, 183749, 0000000000, 100, 001
0000001600, 183750, 0000000000, 100, 001
0000001601, 183751, 0000000000, 100, 001
0000001602, 183752, 0000000000, 100, 001
0000001603, 183753, 0000000000, 100, 001
0000001604, 183754, 0000000000, 100, 001
0000001605, 183755, 0000000000, 100, 001
0000001606, 183756, 0000000000, 100, 001
0000001607, 183757, 0000000000, 100, 001
0000001608, 183758, 0000000000, 100, 001
0000001609, 183759, 0000000000, 100, 001
0000001610, 183800, 0000000000, 100, 001
0000001611, 183801, 0000000000, 100, 001
0000001612, 183802, 0000000000, 100, 001
0000001613, 183803, 0000000000, 100, 001
0000001614, 183804, 0000000000, 100, 001
0000001615, 183805, 0000000000, 100, 001
0000001616, 183806, 0000000000, 100, 001
0000001617, 183807, 0000000000, 100, 001
0000001618, 183808, 0000000000, 100, 001
0000001619, 183809, 0000000000, 100, 001
0000001620, 183810, 0000000000, 100, 001
0000001621, 183811, 0000000000, 100, 001
0000001622, 183812, 0000000000, 100, 001
0000001623, 183813, 0000000000, 100, 001
0000001624, 183814, 0000000000, 100, 001
0000001625, 183815, 0000000000, 100, 001
0000001626, 183816, 0000000000, 100, 001
0000001627, 183817, 0000000000, 100, 001
0000001628, 183818, 0000000000, 100, 001
0000001629, 183819, 0000000000, 100, 001
0000001630, 183820, 0000000000, 100, 001
0000001631, 183821, 0000000000, 100, 001
0000001632, 183822, 0000000000, 100, 001
0000001633, 183823, 0000000000, 100, 001
0000001634, 183824, 0000000000, 100, 001
0000001635, 183825, 0000000000, 100, 001
0000001636, 183826, 0000000000, 100, 001
0000001637, 183827, 0000000000, 100, 001
0000001638, 183828, 0000000000, 100, 001
0000001639, 183829, 0000000000, 100, 001
0000001640, 183830, 0000000000, 100, 001
0000001641, 183831, 0000000000, 100, 001
0000001642, 183832, 0000000000, 100, 001
0000001643, 183833, 0000000000, 100, 001
0000001644, 183834, 0000000000, 100, 001
0000001645, 183835, 0000000000, 100, 001
0000001646, 183836, 0000000000, 100, 001
0000001647, 183837, 0000000000, 100, 001
0000001648, 183838, 0000000000, 100, 001
0000001649, 183839, 0000000000, 100, 001
0000001650, 183840, 0000000000, 100, 001
0000001651, 183841, 0000000000, 100, 001
0000001652, 183842, 0000000000, 100, 001
0000001653, 183843, 0000000000, 100, 001
0000001654, 183844, 0000000000, 100, 001
0000001655, 183845, 0000000000, 100, 001
0000001656, 183846, 0000000000, 100, 001
0000001657, 183847, 0000000000, 100, 001
0000001658, 183848, 0000000000, 100, 001
0000001659, 183849, 0000000000, 100, 001
0000001660, 183850, 0000000000, 100, 001
0000001661, 183851, 0000000000, 100, 001
0000001662, 183852, 0000000000, 100, 001
0000001663, 183853, 0000000000, 100, 001
0000001664, 183854, 0000000000, 100, 001
0000001665, 183855, 0000000000, 100, 001
0000001666, 183856, 0000000000, 100, 001
0000001667, 183857, 0000000000, 100, 001
0000001668, 183858, 0000000000, 100, 001
0000001669, 183859, 0000000000, 100, 001
0000001670, 183900, 0000000000, 100, 001
0000001671, 183901, 0000000000, 100, 001
0000001672, 183902, 0000000000, 100, 001
0000001673, 183903, 0000000000, 100, 001
0000001674, 183904, 0000000000, 100, 001
0000001675, 183905, 0000000000, 100, 001
0000001676, 183906, 0000000000, 100, 001
0000001677, 183907, 0000000000, 100, 001
0000001678, 183909, 0000000000, 100, 001
0000001679, 183910, 0000000000, 100, 001
0000001680, 183911, 0000000000, 100, 001
0000001681, 183912, 0000000000, 100, 001
0000001682, 183913, 0000000000, 100, 001
0000001683, 183914, 0000000000, 100, 001
0000001684, 183915, 0000000000, 100, 001
0000001685, 183916, 0000000000, 100, 001
0000001686, 183917, 0000000000, 100, 001
0000001687, 183918, 0000000000, 100, 001
0000001688, 183919, 0000000000, 100, 001
0000001689, 183920, 0000000000, 100, 001
0000001690, 183921, 0000000000, 100, 001
0000001691, 183922, 0000000000, 100, 001
0000001692, 183923, 0000000000, 100, 001
0000001693, 183924, 0000000000, 100, 001
0000001694, 183925, 0000000000, 100, 001
0000001695, 183926, 0000000000, 100, 001
0000001696, 183927, 0000000000, 100, 001
0000001697, 183928, 0000000000, 100, 001
0000001698, 183929, 0000000000, 100, 001
0000001699, 183930, 0000000000, 100, 001
0000001700, 183931, 0000000000, 100, 001
0000001701, 183932, 0000000000, 100, 001
0000001702, 183933, 0000000000, 100, 001
0000001703, 183934, 0000000000, 100, 001
0000001704, 183935, 0000000000, 100, 001
0000001705, 183936, 0000000000, 100, 001
0000001706, 183937, 0000000000, 100, 001
0000001707, 183938, 0000000000, 100, 001
0000001708, 183939, 0000000000, 100, 001
0000001709, 183940, 0000000000, 100, 001
0000001710, 183941, 0000000000, 100, 001
0000001711, 183942, 0000000000, 100, 001
0000001712, 183943, 0000000000, 100, 001
0000001713, 183944, 0000000000, 100, 001
0000001714, 183945, 0000000000, 100, 001
0000001715, 183946, 0000000000, 100, 001
0000001716, 183947, 0000000000, 100, 001
0000001717, 183948, 0000000000, 100, 001
0000001718, 183949, 0000000000, 100, 001
0000001719, 183950, 0000000000, 100, 001
0000001720, 183951, 0000000000, 100, 001
0000001721, 183952, 0000000000, 100, 001
0000001722, 183953, 0000000000, 100, 001
0000001723, 183954, 0000000000, 100, 001
0000001724, 183955, 0000000000, 100, 001
0000001725, 183956, 0000000000, 100, 001
0000001726, 183957, 0000000000, 100, 001
0000001727, 183958, 0000000000, 100, 001
0000001728, 183959, 0000000000, 100, 001
0000001729, 184000, 0000000000, 100, 001
0000001730, 184001, 0000000000, 100, 001
0000001731, 184002, 0000000000, 100, 001
0000001732, 184003, 0000000000, 100, 001
0000001733, 184004, 0000000000, 100, 001
0000001734, 184005, 0000000000, 100, 001
0000001735, 184006, 0000000000, 100, 001
0000001736, 184007, 0000000000, 100, 001
0000001737, 184008, 0000000000, 100, 001
0000001738, 184009, 0000000000, 100, 001
0000001739, 184010, 0000000000, 100, 001
0000001740, 184011, 0000000000, 100, 001
0000001741, 184012, 0000000000, 100, 001
0000001742, 184013, 0000000000, 100, 001
0000001743, 184014, 0000000000, 100, 001
0000001744, 184015, 0000000000, 100, 001
0000001745, 184016, 0000000000, 100, 001
0000001746, 184017, 0000000000, 100, 001
0000001747, 184018, 0000000000, 100, 001
0000001748, 184019, 0000000000, 100, 001
0000001749, 184020, 0000000000, 100, 001
0000001750, 184021, 0000000000, 100, 001
0000001751, 184022, 0000000000, 100, 001
0000001752, 184023, 0000000000, 100, 001
0000001753, 184024, 0000000000, 100, 001
0000001754, 184025, 0000000000, 100, 001
0000001755, 184026, 0000000000, 100, 001
0000001756, 184027, 0000000000, 100, 001
0000001757, 184028, 0000000000, 100, 001
0000001758, 184029, 0000000000, 100, 001
0000001759, 184030, 0000000000, 100, 001
0000001760, 184031, 0000000000, 100, 001
0000001761, 184032, 0000000000, 100, 001
0000001762, 184033, 0000000000, 100, 001
0000001763, 184034, 0000000000, 100, 001
0000001764, 184035, 0000000000, 100, 001
0000001765, 184036, 0000000000, 100, 001
0000001766, 184037, 0000000000, 100, 001
0000001767, 184038, 0000000000, 100, 001
0000001768, 184039, 0000000000, 100, 001
0000001769, 184040, 0000000000, 100, 001
0000001770, 184041, 0000000000, 100, 001
0000001771, 184042, 0000000000, 100, 001
0000001772, 184043, 0000000000, 100, 001
0000001773, 184044, 0000000000, 100, 001
0000001774, 184045, 0000000000, 100, 001
0000001775, 184046, 0000000000, 100, 001
0000001776, 184047, 0000000000, 100, 001
0000001777, 184048, 0000000000, 100, 001
0000001778, 184049, 0000000000, 100, 001
0000001779, 184050, 0000000000, 100, 001
0000001780, 184051, 0000000000, 100, 001
0000001781, 184052, 0000000000, 100, 001
0000001782, 184053, 0000000000, 100, 001
0000001783, 184054, 0000000000, 100, 001
0000001784, 184055, 0000000000, 100, 001
0000001785, 184056, 0000000000, 100, 001
0000001786, 184057, 0000000000, 100, 001
0000001787, 184058, 0000000000, 100, 001
0000001788, 184059, 0000000000, 100, 001
0000001789, 184100, 0000000000, 100, 001
0000001790, 184101, 0000000000, 100, 001
0000001791, 184103, 0000000000, 100, 001
0000001792, 184104, 0000000000, 100, 001
0000001793, 184105, 0000000000, 100, 001
0000001794, 184106, 0000000000, 100, 001
0000001795, 184107, 0000000000, 100, 001
0000001796, 184108, 0000000000, 100, 001
0000001797, 184109, 0000000000, 100, 001
0000001798, 184110, 0000000000, 100, 001
0000001799, 184111, 0000000000, 100, 001
0000001800, 184112, 0000000000, 100, 001
0000001801, 184113, 0000000000, 100, 001
0000001802, 184114, 0000000000, 100, 001
0000001803, 184115, 0000000000, 100, 001
0000001804, 184116, 0000000000, 100, 001
0000001805, 184117, 0000000000, 100, 001
0000001806, 184118, 0000000000, 100, 001
0000001807, 184119, 0000000000, 100, 001
0000001808, 184120, 0000000000, 100, 001
0000001809, 184121, 0000000000, 100, 001
0000001810, 184122, 0000000000, 100, 001
0000001811, 184123, 0000000000, 100, 001
0000001812, 184124, 0000000000, 100, 001
0000001813, 184125, 0000000000, 100, 001
0000001814, 184126, 0000000000, 100, 001
0000001815, 184127, 0000000000, 100, 001
0000001816, 184128, 0000000000, 100, 001
0000001817, 184129, 0000000000, 100, 001
0000001818, 184130, 0000000000, 100, 001
0000001819, 184131, 0000000000, 100, 001
0000001820, 184132, 0000000000, 100, 001
0000001821, 184133, 0000000000, 100, 001
0000001822, 184134, 0000000000, 100, 001
0000001823, 184135, 0000000000, 100, 001
0000001824, 184136, 0000000000, 100, 001
0000001825, 184137, 0000000000, 100, 001
0000001826, 184138, 0000000000, 100, 001
0000001827, 184139, 0000000000, 100, 001
0000001828, 184140, 0000000000, 100, 001
0000001829, 184141, 0000000000, 100, 001
0000001830, 184142, 0000000000, 100, 001
0000001831, 184143, 0000000000, 100, 001
0000001832, 184144, 0000000000, 100, 001
0000001833, 184145, 0000000000, 100, 001
0000001834, 184146, 0000000000, 100, 001
0000001835, 184147, 0000000000, 100, 001
0000001836, 184148, 0000000000, 100, 001
0000001837, 184149, 0000000000, 100, 001
0000001838, 184150, 0000000000, 100, 001
0000001839, 184151, 0000000000, 100, 001
0000001840, 184152, 0000000000, 100, 001
0000001841, 184153, 0000000000, 100, 001
0000001842, 184154, 0000000000, 100, 001
0000001843, 184155, 0000000000, 100, 001
0000001844, 184156, 0000000000, 100, 001
0000001845, 184157, 0000000000, 100, 001
0000001846, 184159, 0000000000, 100, 001
0000001847, 184200, 0000000000, 100, 001
0000001848, 184201, 0000000000, 100, 001
0000001849, 184202, 0000000000, 100, 001
0000001850, 184203, 0000000000, 100, 001
0000001851, 184204, 0000000000, 100, 001
0000001852, 184205, 0000000000, 100, 001
0000001853, 184206, 0000000000, 100, 001
0000001854, 184207, 0000000000, 100, 001
0000001855, 184208, 0000000000, 100, 001
0000001856, 184209, 0000000000, 100, 001
0000001857, 184210, 0000000000, 100, 001
0000001858, 184211, 0000000000, 100, 001
0000001859, 184212, 0000000000, 100, 001
0000001860, 184213, 0000000000, 100, 001
0000001861, 184214, 0000000000, 100, 001
0000001862, 184215, 0000000000, 100, 001
0000001863, 184216, 0000000000, 100, 001
0000001864, 184217, 0000000000, 100, 001
0000001865, 184218, 0000000000, 100, 001
0000001866, 184219, 0000000000, 100, 001
0000001867, 184220, 0000000000, 100, 001
0000001868, 184221, 0000000000, 100, 001
0000001869, 184222, 0000000000, 100, 001
0000001870, 184223, 0000000000, 100, 001
0000001871, 184224, 0000000000, 100, 001
0000001872, 184225, 0000000000, 100, 001
0000001873, 184226, 0000000000, 100, 001
0000001874, 184227, 0000000000, 100, 001
0000001875, 184228, 0000000000, 100, 001
0000001876, 184229, 0000000000, 100, 001
0000001877, 184230, 0000000000, 100, 001
0000001878, 184231, 0000000000, 100, 001
0000001879, 184232, 0000000000, 100, 001
0000001880, 184233, 0000000000, 100, 001
0000001881, 184234, 0000000000, 100, 001
0000001882, 184235, 0000000000, 100, 001
0000001883, 184236, 0000000000, 100, 001
0000001884, 184237, 0000000000, 100, 001
0000001885, 184238, 0000000000, 100, 001
0000001886, 184239, 0000000000, 100, 001
0000001887, 184240, 0000000000, 100, 001
0000001888, 184241, 0000000000, 100, 001
0000001889, 184242, 0000000000, 100, 001
0000001890, 184243, 0000000000, 100, 001
0000001891, 184245, 0000000000, 100, 001
0000001892, 184246, 0000000000, 100, 001
0000001893, 184247, 0000000000, 100, 001
0000001894, 184248, 0000000000, 100, 001
0000001895, 184249, 0000000000, 100, 001
0000001896, 184250, 0000000000, 100, 001
0000001897, 184251, 0000000000, 100, 001
0000001898, 184252, 0000000000, 100, 001
0000001899, 184253, 0000000000, 100, 001
0000001900, 184254, 0000000000, 100, 001
0000001901, 184255, 0000000000, 100, 001
0000001902, 184256, 0000000000, 100, 001
0000001903, 184257, 0000000000, 100, 001
0000001904, 184258, 0000000000, 100, 001
0000001905, 184259, 0000000000, 100, 001
0000001906, 184300, 0000000000, 100, 001
0000001907, 184301, 0000000000, 100, 001
0000001908, 184302, 0000000000, 100, 001
0000001909, 184303, 0000000000, 100, 001
0000001910, 184304, 0000000000, 100, 001
0000001911, 184305, 0000000000, 100, 001
0000001912, 184306, 0000000000, 100, 001
0000001913, 184307, 0000000000, 100, 001
0000001914, 184308, 0000000000, 100, 001
0000001915, 184309, 0000000000, 100, 001
0000001916, 184310, 0000000000, 100, 001
0000001917, 184311, 0000000000, 100, 001
0000001918, 184312, 0000000000, 100, 001
0000001919, 184313, 0000000000, 100, 001
0000001920, 184314, 0000000000, 100, 001
0000001921, 184315, 0000000000, 100, 001
0000001922, 184316, 0000000000, 100, 001
0000001923, 184317, 0000000000, 100, 001
0000001924, 184318, 0000000000, 100, 001
0000001925, 184319, 0000000000, 100, 001
0000001926, 184320, 0000000000, 100, 001
0000001927, 184321, 0000000000, 100, 001
0000001928, 184322, 0000000000, 100, 001
0000001929, 184323, 0000000000, 100, 001
0000001930, 184324, 0000000000, 100, 001
0000001931, 184325, 0000000000, 100, 001
0000001932, 184326, 0000000000, 100, 001
0000001933, 184327, 0000000000, 100, 001
0000001934, 184328, 0000000000, 100, 001
0000001935, 184329, 0000000000, 100, 001
0000001936, 184330, 0000000000, 100, 001
0000001937, 184331, 0000000000, 100, 001
0000001938, 184332, 0000000000, 100, 001
0000001939, 184333, 0000000000, 100, 001
0000001940, 184334, 0000000000, 100, 001
0000001941, 184335, 0000000000, 100, 001
0000001942, 184336, 0000000000, 100, 001
0000001943, 184337, 0000000000, 100, 001
0000001944, 184338, 0000000000, 100, 001
0000001945, 184339, 0000000000, 100, 001
0000001946, 184340, 0000000000, 100, 001
0000001947, 184341, 0000000000, 100, 001
0000001948, 184342, 0000000000, 100, 001
0000001949, 184343, 0000000000, 100, 001
0000001950, 184344, 0000000000, 100, 001
0000001951, 184345, 0000000000, 100, 001
0000001952, 184346, 0000000000, 100, 001
0000001953, 184347, 0000000000, 100, 001
0000001954, 184348, 0000000000, 100, 001
0000001955, 184349, 0000000000, 100, 001
0000001956, 184350, 0000000000, 100, 001
0000001957, 184351, 0000000000, 100, 001
0000001958, 184352, 0000000000, 100, 001
0000001959, 184353, 0000000000, 100, 001
0000001960, 184354, 0000000000, 100, 001
0000001961, 184355, 0000000000, 100, 001
0000001962, 184356, 0000000000, 100, 001
0000001963, 184357, 0000000000, 100, 001
0000001964, 184358, 0000000000, 100, 001
0000001965, 184400, 0000000000, 100, 001
0000001966, 184401, 0000000000, 100, 001
0000001967, 184402, 0000000000, 100, 001
0000001968, 184403, 0000000000, 100, 001
0000001969, 184404, 0000000000, 100, 001
0000001970, 184405, 0000000000, 100, 001
0000001971, 184406, 0000000000, 100, 001
0000001972, 184407, 0000000000, 100, 001
0000001973, 184408, 0000000000, 100, 001
0000001974, 184409, 0000000000, 100, 001
0000001975, 184410, 0000000000, 100, 001
0000001976, 184411, 0000000000, 100, 001
0000001977, 184412, 0000000000, 100, 001
0000001978, 184413, 0000000000, 100, 001
0000001979, 184414, 0000000000, 100, 001
0000001980, 184415, 0000000000, 100, 001
0000001981, 184416, 0000000000, 100, 001
0000001982, 184417, 0000000000, 100, 001
0000001983, 184418, 0000000000, 100, 001
0000001984, 184419, 0000000000, 100, 001
0000001985, 184420, 0000000000, 100, 001
0000001986, 184421, 0000000000, 100, 001
0000001987, 184422, 0000000000, 100, 001
0000001988, 184423, 0000000000, 100, 001
0000001989, 184424, 0000000000, 100, 001
0000001990, 184425, 0000000000, 100, 001
0000001991, 184426, 0000000000, 100, 001
0000001992, 184427, 0000000000, 100, 001
0000001993, 184428, 0000000000, 100, 001
0000001994, 184429, 0000000000, 100, 001
0000001995, 184430, 0000000000, 100, 001
0000001996, 184431, 0000000000, 100, 001
0000001997, 184432, 0000000000, 100, 001
0000001998, 184433, 0000000000, 100, 001
0000001999, 184434, 0000000000, 100, 001
0000002000, 184435, 0000000000, 100, 001
0000002001, 184436, 0000000000, 100, 001
0000002002, 184437, 0000000000, 100, 001
0000002003, 184438, 0000000000, 100, 001
0000002004, 184439, 0000000000, 100, 001
0000002005, 184440, 0000000000, 100, 001
0000002006, 184441, 0000000000, 100, 001
0000002007, 184442, 0000000000, 100, 001
0000002008, 184443, 0000000000, 100, 001
0000002009, 184444, 0000000000, 100, 001
0000002010, 184445, 0000000000, 100, 001
0000002011, 184446, 0000000000, 100, 001
0000002012, 184447, 0000000000, 100, 001
0000002013, 184448, 0000000000, 100, 001
0000002014, 184449, 0000000000, 100, 001
0000002015, 184450, 0000000000, 100, 001
0000002016, 184451, 0000000000, 100, 001
0000002017, 184452, 0000000000, 100, 001
0000002018, 184453, 0000000000, 100, 001
0000002019, 184454, 0000000000, 100, 001
0000002020, 184455, 0000000000, 100, 001
0000002021, 184456, 0000000000, 100, 001
0000002022, 184457, 0000000000, 100, 001
0000002023, 184458, 0000000000, 100, 001
0000002024, 184459, 0000000000, 100, 001
0000002025, 184500, 0000000000, 100, 001
0000002026, 184501, 0000000000, 100, 001
0000002027, 184502, 0000000000, 100, 001
0000002028, 184503, 0000000000, 100, 001
0000002029, 184504, 0000000000, 100, 001
0000002030, 184505, 0000000000, 100, 001
0000002031, 184506, 0000000000, 100, 001
0000002032, 184507, 0000000000, 100, 001
0000002033, 184508, 0000000000, 100, 001
0000002034, 184509, 0000000000, 100, 001
0000002035, 184510, 0000000000, 100, 001
0000002036, 184511, 0000000000, 100, 001
0000002037, 184512, 0000000000, 100, 001
0000002038, 184513, 0000000000, 100, 001
0000002039, 184514, 0000000000, 100, 001
0000002040, 184515, 0000000000, 100, 001
0000002041, 184516, 0000000000, 100, 001
0000002042, 184517, 0000000000, 100, 001
0000002043, 184518, 0000000000, 100, 001
0000002044, 184519, 0000000000, 100, 001
0000002045, 184520, 0000000000, 100, 001
0000002046, 184521, 0000000000, 100, 001
0000002047, 184522, 0000000000, 100, 001
0000002048, 184523, 0000000000, 100, 001
0000002049, 184524, 0000000000, 100, 001
0000002050, 184525, 0000000000, 100, 001
0000002051, 184526, 0000000000, 100, 001
0000002052, 184527, 0000000000, 100, 001
0000002053, 184528, 0000000000, 100, 001
0000002054, 184529, 0000000000, 100, 001
0000002055, 184530, 0000000000, 100, 001
0000002056, 184531, 0000000000, 100, 001
0000002057, 184532, 0000000000, 100, 001
0000002058, 184533, 0000000000, 100, 001
0000002059, 184534, 0000000000, 100, 001
0000002060, 184535, 0000000000, 100, 001
0000002061, 184536, 0000000000, 100, 001
0000002062, 184537, 0000000000, 100, 001
0000002063, 184539, 0000000000, 100, 001
0000002064, 184540, 0000000000, 100, 001
0000002065, 184541, 0000000000, 100, 001
0000002066, 184542, 0000000000, 100, 001
0000002067, 184543, 0000000000, 100, 001
0000002068, 184544, 0000000000, 100, 001
0000002069, 184545, 0000000000, 100, 001
0000002070, 184546, 0000000000, 100, 001
0000002071, 184547, 0000000000, 100, 001
0000002072, 184548, 0000000000, 100, 001
0000002073, 184549, 0000000000, 100, 001
0000002074, 184550, 0000000000, 100, 001
0000002075, 184551, 0000000000, 100, 001
0000002076, 184552, 0000000000, 100, 001
0000002077, 184553, 0000000000, 100, 001
0000002078, 184554, 0000000000, 100, 001
0000002079, 184555, 0000000000, 100, 001
0000002080, 184556, 0000000000, 100, 001
0000002081, 184557, 0000000000, 100, 001
0000002082, 184558, 0000000000, 100, 001
0000002083, 184559, 0000000000, 100, 001
0000002084, 184600, 0000000000, 100, 001
0000002085, 184601, 0000000000, 100, 001
0000002086, 184602, 0000000000, 100, 001
0000002087, 184603, 0000000000, 100, 001
0000002088, 184604, 0000000000, 100, 001
0000002089, 184605, 0000000000, 100, 001
0000002090, 184606, 0000000000, 100, 001
0000002091, 184607, 0000000000, 100, 001
0000002092, 184608, 0000000000, 100, 001
0000002093, 184609, 0000000000, 100, 001
0000002094, 184610, 0000000000, 100, 001
0000002095, 184611, 0000000000, 100, 001
0000002096, 184612, 0000000000, 100, 001
0000002097, 184613, 0000000000, 100, 001
0000002098, 184614, 0000000000, 100, 001
0000002099, 184615, 0000000000, 100, 001
0000002100, 184616, 0000000000, 100, 001
0000002101, 184617, 0000000000, 100, 001
0000002102, 184618, 0000000000, 100, 001
0000002103, 184619, 0000000000, 100, 001
0000002104, 184620, 0000000000, 100, 001
0000002105, 184621, 0000000000, 100, 001
0000002106, 184622, 0000000000, 100, 001
0000002107, 184623, 0000000000, 100, 001
0000002108, 184624, 0000000000, 100, 001
0000002109, 184625, 0000000000, 100, 001
0000002110, 184626, 0000000000, 100, 001
0000002111, 184627, 0000000000, 100, 001
0000002112, 184628, 0000000000, 100, 001
0000002113, 184629, 0000000000, 100, 001
0000002114, 184630, 0000000000, 100, 001
0000002115, 184631, 0000000000, 100, 001
0000002116, 184632, 0000000000, 100, 001
0000002117, 184633, 0000000000, 100, 001
0000002118, 184634, 0000000000, 100, 001
0000002119, 184635, 0000000000, 100, 001
0000002120, 184636, 0000000000, 100, 001
0000002121, 184637, 0000000000, 100, 001
0000002122, 184638, 0000000000, 100, 001
0000002123, 184639, 0000000000, 100, 001
0000002124, 184640, 0000000000, 100, 001
0000002125, 184641, 0000000000, 100, 001
0000002126, 184642, 0000000000, 100, 001
0000002127, 184643, 0000000000, 100, 001
0000002128, 184644, 0000000000, 100, 001
0000002129, 184645, 0000000000, 100, 001
0000002130, 184646, 0000000000, 100, 001
0000002131, 184647, 0000000000, 100, 001
0000002132, 184648, 0000000000, 100, 001
0000002133, 184649, 0000000000, 100, 001
0000002134, 184650, 0000000000, 100, 001
0000002135, 184651, 0000000000, 100, 001
0000002136, 184653, 0000000000, 100, 001
0000002137, 184654, 0000000000, 100, 001
0000002138, 184655, 0000000000, 100, 001
0000002139, 184656, 0000000000, 100, 001
0000002140, 184657, 0000000000, 100, 001
0000002141, 184658, 0000000000, 100, 001
0000002142, 184659, 0000000000, 100, 001
0000002143, 184700, 0000000000, 100, 001
0000002144, 184701, 0000000000, 100, 001
0000002145, 184702, 0000000000, 100, 001
0000002146, 184703, 0000000000, 100, 001
0000002147, 184704, 0000000000, 100, 001
0000002148, 184705, 0000000000, 100, 001
0000002149, 184706, 0000000000, 100, 001
0000002150, 184707, 0000000000, 100, 001
0000002151, 184708, 0000000000, 100, 001
0000002152, 184709, 0000000000, 100, 001
0000002153, 184710, 0000000000, 100, 001
0000002154, 184711, 0000000000, 100, 001
0000002155, 184712, 0000000000, 100, 001
0000002156, 184713, 0000000000, 100, 001
0000002157, 184714, 0000000000, 100, 001
0000002158, 184715, 0000000000, 100, 001
0000002159, 184716, 0000000000, 100, 001
0000002160, 184717, 0000000000, 100, 001
0000002161, 184719, 0000000000, 100, 001
0000002162, 184720, 0000000000, 100, 001
0000002163, 184721, 0000000000, 100, 001
0000002164, 184722, 0000000000, 100, 001
0000002165, 184723, 0000000000, 100, 001
0000002166, 184724, 0000000000, 100, 001
0000002167, 184725, 0000000000, 100, 001
0000002168, 184726, 0000000000, 100, 001
0000002169, 184727, 0000000000, 100, 001
0000002170, 184728, 0000000000, 100, 001
0000002171, 184729, 0000000000, 100, 001
0000002172, 184730, 0000000000, 100, 001
0000002173, 184731, 0000000000, 100, 001
0000002174, 184732, 0000000000, 100, 001
0000002175, 184733, 0000000000, 100, 001
0000002176, 184734, 0000000000, 100, 001
0000002177, 184735, 0000000000, 100, 001
0000002178, 184736, 0000000000, 100, 001
0000002179, 184737, 0000000000, 100, 001
0000002180, 184738, 0000000000, 100, 001
0000002181, 184739, 0000000000, 100, 001
0000002182, 184740, 0000000000, 100, 001
0000002183, 184741, 0000000000, 100, 001
0000002184, 184742, 0000000000, 100, 001
0000002185, 184743, 0000000000, 100, 001
0000002186, 184744, 0000000000, 100, 001
0000002187, 184745, 0000000000, 100, 001
0000002188, 184746, 0000000000, 100, 001
0000002189, 184747, 0000000000, 100, 001
0000002190, 184748, 0000000000, 100, 001
0000002191, 184749, 0000000000, 100, 001
0000002192, 184751, 0000000000, 100, 001
0000002193, 184752, 0000000000, 100, 001
0000002194, 184753, 0000000000, 100, 001
0000002195, 184754, 0000000000, 100, 001
0000002196, 184755, 0000000000, 100, 001
0000002197, 184756, 0000000000, 100, 001
0000002198, 184757, 0000000000, 100, 001
0000002199, 184758, 0000000000, 100, 001
0000002200, 184759, 0000000000, 100, 001
0000002201, 184800, 0000000000, 100, 001
0000002202, 184801, 0000000000, 100, 001
0000002203, 184802, 0000000000, 100, 001
0000002204, 184803, 0000000000, 100, 001
0000002205, 184804, 0000000000, 100, 001
0000002206, 184805, 0000000000, 100, 001
0000002207, 184806, 0000000000, 100, 001
0000002208, 184807, 0000000000, 100, 001
0000002209, 184808, 0000000000, 100, 001
0000002210, 184809, 0000000000, 100, 001
0000002211, 184810, 0000000000, 100, 001
0000002212, 184811, 0000000000, 100, 001
0000002213, 184812, 0000000000, 100, 001
0000002214, 184813, 0000000000, 100, 001
0000002215, 184814, 0000000000, 100, 001
0000002216, 184815, 0000000000, 100, 001
0000002217, 184816, 0000000000, 100, 001
0000002218, 184817, 0000000000, 100, 001
0000002219, 184818, 0000000000, 100, 001
0000002220, 184819, 0000000000, 100, 001
0000002221, 184820, 0000000000, 100, 001
0000002222, 184821, 0000000000, 100, 001
0000002223, 184822, 0000000000, 100, 001
0000002224, 184823, 0000000000, 100, 001
0000002225, 184824, 0000000000, 100, 001
0000002226, 184825, 0000000000, 100, 001
0000002227, 184826, 0000000000, 100, 001
0000002228, 184827, 0000000000, 100, 001
0000002229, 184828, 0000000000, 100, 001
0000002230, 184829, 0000000000, 100, 001
0000002231, 184830, 0000000000, 100, 001
0000002232, 184831, 0000000000, 100, 001
0000002233, 184832, 0000000000, 100, 001
0000002234, 184833, 0000000000, 100, 001
0000002235, 184834, 0000000000, 100, 001
0000002236, 184835, 0000000000, 100, 001
0000002237, 184836, 0000000000, 100, 001
0000002238, 184837, 0000000000, 100, 001
0000002239, 184838, 0000000000, 100, 001
0000002240, 184839, 0000000000, 100, 001
0000002241, 184840, 0000000000, 100, 001
0000002242, 184841, 0000000000, 100, 001
0000002243, 184842, 0000000000, 100, 001
0000002244, 184843, 0000000000, 100, 001
0000002245, 184844, 0000000000, 100, 001
0000002246, 184845, 0000000000, 100, 001
0000002247, 184846, 0000000000, 100, 001
0000002248, 184847, 0000000000, 100, 001
0000002249, 184848, 0000000000, 100, 001
0000002250, 184849, 0000000000, 100, 001
0000002251, 184850, 0000000000, 100, 001
0000002252, 184851, 0000000000, 100, 001
0000002253, 184852, 0000000000, 100, 001
0000002254, 184853, 0000000000, 100, 001
0000002255, 184854, 0000000000, 100, 001
0000002256, 184855, 0000000000, 100, 001
0000002257, 184856, 0000000000, 100, 001
0000002258, 184857, 0000000000, 100, 001
0000002259, 184858, 0000000000, 100, 001
0000002260, 184859, 0000000000, 100, 001
0000002261, 184900, 0000000000, 100, 001
0000002262, 184901, 0000000000, 100, 001
0000002263, 184902, 0000000000, 100, 001
0000002264, 184903, 0000000000, 100, 001
0000002265, 184904, 0000000000, 100, 001
0000002266, 184905, 0000000000, 100, 001
0000002267, 184906, 0000000000, 100, 001
0000002268, 184907, 0000000000, 100, 001
0000002269, 184908, 0000000000, 100, 001
0000002270, 184910, 0000000000, 100, 001
0000002271, 184911, 0000000000, 100, 001
0000002272, 184912, 0000000000, 100, 001
0000002273, 184913, 0000000000, 100, 001
0000002274, 184914, 0000000000, 100, 001
0000002275, 184915, 0000000000, 100, 001
0000002276, 184916, 0000000000, 100, 001
0000002277, 184917, 0000000000, 100, 001
0000002278, 184918, 0000000000, 100, 001
0000002279, 184919, 0000000000, 100, 001
0000002280, 184920, 0000000000, 100, 001
0000002281, 184921, 0000000000, 100, 001
0000002282, 184922, 0000000000, 100, 001
0000002283, 184923, 0000000000, 100, 001
0000002284, 184924, 0000000000, 100, 001
0000002285, 184925, 0000000000, 100, 001
0000002286, 184926, 0000000000, 100, 001
0000002287, 184927, 0000000000, 100, 001
0000002288, 184928, 0000000000, 100, 001
0000002289, 184929, 0000000000, 100, 001
0000002290, 184930, 0000000000, 100, 001
0000002291, 184931, 0000000000, 100, 001
0000002292, 184932, 0000000000, 100, 001
0000002293, 184933, 0000000000, 100, 001
0000002294, 184934, 0000000000, 100, 001
